<?xml version="1.0"?>
<!--
 [y] hybris Platform

 Copyright (c) 2000-2010 hybris AG
 All rights reserved.

 This software is the confidential and proprietary information of hybris
 ("Confidential Information"). You shall not disclose such Confidential
 Information and shall use it only in accordance with the terms of the
 license agreement you entered into with hybris.

  
-->

<project name="cuppy_buildcallbacks" >
	<property file="platformhome.properties" />
	<property name="platformhome" location=".."/>
	
	<property name="cuppy.base.extension.name" value="cuppy"/>

	<!-- 
	    called whenever 'ant ear' is used. this callback can be used to modify the content of the ear file
			you can for example put a custom ear.properties into the ear file (just use the <copy>-task to copy it 
			to the ${ear.resources.path}
	
	     ${ear.path}: 					path to ear
	     ${ear.libs.path}: 			path to libs inside ear (as default this comes to ear.path/libs)
	     ${ear.resources.path}:	path to resources inside ear (as default this comes to ear.path/resources)
	 -->
	<macrodef name="cuppy_before_build">
		<sequential>
			<foreachext>
				<do>
					<if>
						<contains string="${required.extensions.for.@{extname}}" substring="${cuppy.base.extension.name}"/>
						<then>
							<echo level="info" message="Start copying cuppy cockpit files for extension @{extname}..."/>
							<copy todir="${ext.@{extname}.path}/web/webroot">
								<fileset dir="${ext.cuppy.path}/web/webroot">
									<include name="cuppy/**/**.*" />
								</fileset>
							</copy>
						</then>
					</if>
				</do>
			</foreachext>
		</sequential>
	</macrodef>

	<macrodef name="cuppy_after_clean">
		<sequential>
			<foreachext>
				<do>
					<if>
						<contains string="${required.extensions.for.@{extname}}" substring="${cuppy.base.extension.name}"/>
						<then>
							<echo level="info" message="Start cleaning up cuppy cockpit files for extension @{extname}"/>
							<delete quiet="true" dir="${ext.@{extname}.path}/web/webroot/cuppy"/>
						</then>
					</if>
				</do>
			</foreachext>
		</sequential>
	</macrodef>
	
    <target name="generate-openligadb-classes">
    	<taskdef name="xjc" classname="com.sun.tools.xjc.XJCTask">
			<classpath>
				<fileset dir="${platformhome}/resources/ant/lib" includes="*.jar" />
			</classpath>
		</taskdef>	
    	<echo>Generating JAXB files for webservices</echo>
      <xjc destdir="${ext.cuppy.path}/src"
           package="de.hybris.platform.cuppy.ws.openligadb.types"
           schema="${ext.cuppy.path}/resources/cuppy/ws/openligadb/types.xsd">
      	
      </xjc>
    </target>	
</project>
