<?xml version="1.0" encoding="UTF-8"?>
<advanced-search>
	<group name="root" type="Match">
		<label lang="en">Suche nach...</label>
		<label lang="de">Search for...</label>
		<group name="general">
			<label lang="de">Stammdaten</label>
			<label lang="en">Properties</label>			
			<property qualifier="Match.id" sort-enabled="true" visible="true"/>
			<property qualifier="Match.group" sort-enabled="true" visible="true"/>
			<property qualifier="Match.homeTeam" sort-enabled="true" visible="true"/>
			<property qualifier="Match.guestTeam" sort-enabled="true" visible="true"/>
			<property qualifier="Match.date" sort-enabled="true" visible="true"/>
			<property qualifier="Match.location" sort-enabled="true" visible="true"/>
			<property qualifier="Match.homeGoals" sort-enabled="true" visible="true"/>
			<property qualifier="Match.guestGoals" sort-enabled="true" visible="true"/>
		</group>
		<group name="other">
			<label lang="de">Andere</label>
			<label lang="en">Other</label>
			<property qualifier="Match.matchday" sort-enabled="true" visible="false"/>
			<property qualifier="Match.matchBets" sort-enabled="true" visible="false"/>
		</group>		
	</group>
</advanced-search>