<?xml version="1.0" encoding="UTF-8"?>
<advanced-search>
	<group name="root" type="MatchBet">
		<label lang="en">Suche nach...</label>
		<label lang="de">Search for...</label>
		<group name="general">
			<label lang="de">Stammdaten</label>
			<label lang="en">Properties</label>			
			<property qualifier="MatchBet.player" sort-enabled="true" visible="true"/>
			<property qualifier="MatchBet.match" sort-enabled="true" visible="true"/>
			<property qualifier="MatchBet.homeGoals" sort-enabled="true" visible="true"/>
			<property qualifier="MatchBet.guestGoals" sort-enabled="true" visible="true"/>
		</group>
	</group>
</advanced-search>