<?xml version="1.0" encoding="UTF-8"?>
<advanced-search>
	<group name="root" type="Competition">
		<label lang="en">Suche nach...</label>
		<label lang="de">Search for...</label>
		<group name="general">
			<label lang="de">Stammdaten</label>
			<label lang="en">Properties</label>			
			<property qualifier="Competition.code" sort-enabled="true" visible="true"/>
			<property qualifier="Competition.name" sort-enabled="true" visible="true"/>
		</group>
		<group name="other">
			<label lang="de">Andere</label>
			<label lang="en">Other</label>
			<property qualifier="Competition.type" sort-enabled="true" visible="false"/>
			<property qualifier="Competition.groups" sort-enabled="true" visible="false"/>		
			<property qualifier="Competition.players" sort-enabled="true" visible="false"/>		
			<property qualifier="Competition.news" sort-enabled="true" visible="false"/>		
		</group>		
	</group>
</advanced-search>