<?xml version="1.0" encoding="UTF-8"?>
<editor>	
	<group qualifier="General" visible="true" initially-opened="true">
		<label lang="de">Stammdaten</label>
		<label lang="en">Properties</label>
		<property qualifier="News.creationtime"/>
		<property qualifier="News.email"/>
		<property qualifier="News.content" editor="wysiwyg"/>
	</group>
	
	<group qualifier="admin" visible="true" initially-opened="false">
		<label lang="de">Administration</label>
		<label lang="en">Administration</label>
		<property qualifier="Item.pk" />
		<property qualifier="Item.creationTime" />
		<property qualifier="Item.modifiedtime" />
	</group>
	
	<custom-group 
		class="de.hybris.platform.cockpit.services.config.impl.UnassignedEditorSectionConfiguration" 
		qualifier="unassigned"
		initially-opened="false">
		<label lang="de">Andere</label>
		<label lang="en">Other</label>
	</custom-group>
	
</editor>