<?xml version="1.0" encoding="UTF-8"?>
<list-view unassigned-group-name="Other">
  <group name="General">
		<property qualifier="Match.id" visible="true"/>
		<property qualifier="Match.group" visible="true" width="150px"/>
		<property qualifier="Match.homeTeam" visible="true" editable="true"/>
		<property qualifier="Match.guestTeam" visible="true" editable="true"/>
		<property qualifier="Match.date" visible="true"/>
		<property qualifier="Match.location" visible="true"/>
		<property qualifier="Match.homeGoals" visible="true" editable="true"/>
		<property qualifier="Match.guestGoals" visible="true" editable="true"/>
	</group>
</list-view>
