<?xml version="1.0" encoding="UTF-8"?>
<!--
 [y] hybris Platform

 Copyright (c) 2000-2009 hybris AG
 All rights reserved.

 This software is the confidential and proprietary information of hybris
 ("Confidential Information"). You shall not disclose such Confidential
 Information and shall use it only in accordance with the terms of the
 license agreement you entered into with hybris.
-->


<!-- 
  WARNING: This is the Spring WEB configuration file. If you want to replace
  items or managers you have to do this from the extensions core configuration 
  file (cuppy/resources/cuppy-spring.xml) 
  -->

<beans xmlns="http://www.springframework.org/schema/beans" xmlns:xsi="http://www.w3.org/2001/XMLSchema-instance" xmlns:aop="http://www.springframework.org/schema/aop"
	xsi:schemaLocation="http://www.springframework.org/schema/beans 
						http://www.springframework.org/schema/beans/spring-beans-3.0.xsd 
						http://www.springframework.org/schema/aop 
						http://www.springframework.org/schema/aop/spring-aop-3.0.xsd"
	default-autowire="byName">
	
	<!-- 
		UICockpitSession represents session in an cockpit application. It manages e.g. the available cockpit perspectives.
	 -->
	<bean id="UICockpitSession" class="de.hybris.platform.cockpit.session.impl.UISessionImpl" scope="session" >
		<property name="initialSessionListeners">
			<list></list>
		</property>
		<property name="availablePerspectives">
			<list>
				<ref bean="CuppyFrontendPerspective"/>
				<ref bean="CuppyAdminPerspective"/>
			</list>
		</property>
		<property name="usingTestIDs" value="false" />
		<property name="dragOverPerspectivesEnabled" value="false" />
		<property name="cachePerspectivesEnabled" value="false" />
		<property name="sendEventsImmediately" value="false" />
		<property name="requestHandler" ref="RequestHandler" />
	</bean>

	<!-- 
		Cuppy frontend perspective.
	 -->
	<bean id="CuppyFrontendPerspective" scope="session" parent="BasePerspective">
		<property name="viewURI" value="/cuppy/cuppy.zul"/>
		<property name="uid" value="cuppy.perspective.frontend" />  <!-- unique ID of the perspective -->
		<property name="label" value="perspective.cuppy.frontend" />  <!-- localization key for the label of the perspective -->
		<property name="customCsaURI" value="/cuppy/cuppyCSA.zul" />  <!-- file with optional custom client side actions -->
		<property name="cockpitTypeService" ref="cockpitTypeService"/>		
	</bean>
	
	<bean id="frontendController" scope="session" class="de.hybris.platform.cuppy.web.components.CuppyFrontendController">
		<property name="mainPages">
			<list>
				<bean class="de.hybris.platform.cuppy.web.components.CuppyMainPage" scope="session">
					<property name="viewURI" value="/cuppy/info.zul"/>
					<property name="label" value="perspective.cuppy.frontend.toolbar.info"/>
				</bean>
				<bean class="de.hybris.platform.cuppy.web.components.CuppyMainPage" scope="session">
					<property name="viewURI" value="/cuppy/rankings.zul"/>
					<property name="label" value="perspective.cuppy.frontend.toolbar.rankings"/>
				</bean>
				<bean class="de.hybris.platform.cuppy.web.components.CuppyMainPage" scope="session">
					<property name="viewURI" value="/cuppy/matches.zul"/>
					<property name="label" value="perspective.cuppy.frontend.toolbar.matches"/>
				</bean>
				<bean class="de.hybris.platform.cuppy.web.components.CuppyMainPage" scope="session">
					<property name="viewURI" value="/cuppy/bet.zul"/>
					<property name="label" value="perspective.cuppy.frontend.toolbar.bet"/>
					<property name="onlyTournament" value="true"/>
				</bean>
				<bean class="de.hybris.platform.cuppy.web.components.CuppyMainPage" scope="session">
					<property name="viewURI" value="/cuppy/profile.zul"/>
					<property name="label" value="perspective.cuppy.frontend.toolbar.profile"/>
				</bean>
				<bean class="de.hybris.platform.cuppy.web.components.CuppyMainPage" scope="session">
					<property name="viewURI" value="/cuppy/dashboard.zul"/>
					<property name="label" value="perspective.cuppy.frontend.toolbar.dashboard"/>
				</bean>
			</list>
		</property>
		<property name="playerFacade" ref="playerFacade"/>
	</bean>
	
	<bean id="chatController" class="de.hybris.platform.cuppy.web.components.CuppyChatController" scope="tenant">
		<property name="consoleLogEnabled" value="false"/>
	</bean>
	
	<bean id="chatClientController" class="de.hybris.platform.cuppy.web.components.CuppyChatClientController" scope="session">
		<property name="chatController" ref="chatController"/>
	</bean>
		
	<bean id="RequestHandler" class="de.hybris.platform.cockpit.session.impl.DefaultRequestHandler" scope="session">
		<property name="requestEventHandlers" >
			<map merge="true">
				<entry key="competition">
					<bean class="de.hybris.platform.cuppy.web.cockpit.events.CompetitionSelectionEventHandler">
						<property name="prefix" value="comp"/>
					</bean>
				</entry>
			</map>
		</property>
	</bean>
	
	<bean id="LoginForm" class="de.hybris.platform.cockpit.forms.login.LoginForm" scope="session">
		<property name="viewComponentURI" value="/cuppy/loginDialog.zul"/>
	</bean>
</beans>
