<?xml version="1.0" encoding="utf-8"?><testclasses><cuppy><testclass>de.hybris.platform.cuppy.web.integration.PlayerFacadeTest</testclass><testclass>de.hybris.platform.cuppy.web.facades.DefaultPlayerFacadeTest</testclass><testclass>de.hybris.platform.cuppy.web.facades.DefaultMatchFacadeTest</testclass><testclass>de.hybris.platform.cuppy.web.integration.AbstractCuppyIntegrationTest</testclass><testclass>de.hybris.platform.cuppy.web.facades.DefaultStatisticsFacadeTest</testclass><testclass>de.hybris.platform.cuppy.web.integration.MatchFacadeTest</testclass></cuppy></testclasses>