<?xml version="1.0" encoding="utf-8"?><testclasses><cuppy><testclass>de.hybris.platform.cuppy.data.WomensWorldCup2011DataTest</testclass><testclass>de.hybris.platform.cuppy.data.AbstractCompetitionDataTest</testclass><testclass>de.hybris.platform.cuppy.data.BasicDataTest</testclass><testclass>de.hybris.platform.cuppy.data.EuroCup2004DataTest</testclass><testclass>de.hybris.platform.cuppy.daos.DefaultNewsDaoTest</testclass><testclass>de.hybris.platform.cuppy.services.DefaultPlayerServiceTest</testclass><testclass>de.hybris.platform.cuppy.ws.openligadb.OpenLigaDbTest</testclass><testclass>de.hybris.platform.cuppy.daos.DefaultCompetitionDaoTest</testclass><testclass>de.hybris.platform.cuppy.daos.DefaultMatchBetDaoTest</testclass><testclass>de.hybris.platform.cuppy.interceptors.NewsSendInterceptorIntegrationTest</testclass><testclass>de.hybris.platform.cuppy.data.L1Ger2010DataTest</testclass><testclass>de.hybris.platform.cuppy.services.DefaultCompetitionServiceTest</testclass><testclass>de.hybris.platform.cuppy.data.BetGeneratorHelper</testclass><testclass>de.hybris.platform.cuppy.services.DefaultMatchServiceTest</testclass><testclass>de.hybris.platform.cuppy.data.WorldCup2002DataTest</testclass><testclass>de.hybris.platform.cuppy.data.L2Ger2010DataTest</testclass><testclass>de.hybris.platform.cuppy.daos.DefaultPlayerDaoTest</testclass><testclass>de.hybris.platform.cuppy.data.CL2010DataTest</testclass><testclass>de.hybris.platform.cuppy.daos.DefaultGroupDaoTest</testclass><testclass>de.hybris.platform.cuppy.data.EuroCup2008DataTest</testclass><testclass>de.hybris.platform.cuppy.data.WorldCup2010DataTest</testclass><testclass>de.hybris.platform.cuppy.daos.AbstractDaoTest</testclass><testclass>de.hybris.platform.cuppy.daos.DefaultMatchDaoTest</testclass><testclass>de.hybris.platform.cuppy.data.BetGenerator</testclass><testclass>de.hybris.platform.cuppy.services.DefaultScoreStrategyTest</testclass><testclass>de.hybris.platform.cuppy.daos.DefaultStatisticsDaoTest</testclass><testclass>de.hybris.platform.cuppy.data.WorldCup2006DataTest</testclass><testclass>de.hybris.platform.cuppy.services.ByDateMatchdayCalculationStrategyTest</testclass></cuppy></testclasses>