<?xml version="1.0" encoding="UTF-8"?>
<beans xmlns="http://www.springframework.org/schema/beans" xmlns:xsi="http://www.w3.org/2001/XMLSchema-instance"
       xsi:schemaLocation="http://www.springframework.org/schema/beans http://www.springframework.org/schema/beans/spring-beans-3.1.xsd">

    <bean id="CuppyTypeSelectorSection"
          class="de.hybris.platform.cockpit.components.navigationarea.NavigationPanelSection"
          scope="prototype">
        <property name="localizedLabel" value="navigationarea.types" />
        <property name="visible" value="true" />
        <property name="renderer">
            <bean class="de.hybris.platform.cockpit.components.navigationarea.renderer.TypeSelectorSectionRenderer" autowire="byName">
                <property name="typeCodes" value="Competition,Match,MatchBet,Group,Team,Player,News,Stadium"></property>
            </bean>
        </property>
    </bean>

</beans>
