<?xml version="1.0" encoding="UTF-8"?>
<!-- [y] hybris Platform Copyright (c) 2000-2009 hybris AG All rights reserved. This software is the confidential and proprietary information 
	of hybris ("Confidential Information"). You shall not disclose such Confidential Information and shall use it only in accordance with 
	the terms of the license agreement you entered into with hybris. -->

<beans xmlns="http://www.springframework.org/schema/beans" xmlns:xsi="http://www.w3.org/2001/XMLSchema-instance" xmlns:aop="http://www.springframework.org/schema/aop"
	xmlns:context="http://www.springframework.org/schema/context"
	xsi:schemaLocation="http://www.springframework.org/schema/beans
           http://www.springframework.org/schema/beans/spring-beans-3.0.xsd
           http://www.springframework.org/schema/aop
           http://www.springframework.org/schema/aop/spring-aop-3.0.xsd
           http://www.springframework.org/schema/context
           http://www.springframework.org/schema/context/spring-context-3.0.xsd">

	<bean id="core.passwordEncoderFactory"
		class="de.hybris.platform.persistence.security.PasswordEncoderFactoryImpl">
		<property name="encoders">
			<map>
				<entry>
					<key>
						<value>*</value>
					</key>
					<ref bean="core.saltedMD5PasswordEncoder" />
				</entry>
			</map>
		</property>
	</bean>
</beans>
