$comp=ec2008

UPDATE Player;uid[unique=true];competitions(code)[mode=append]
;ppetersonson_cuppy;$comp
;demo_cuppy;$comp
;hweaving_cuppy;$comp
;sbrueck_cuppy;$comp
;hpneumann_cuppy;$comp
;ahertz_cuppy;$comp
;abrode_cuppy;$comp
;hschweiger_cuppy;$comp
;dkaufmann_cuppy;$comp
;kvitali_cuppy;$comp
;bpoweronoff_cuppy;$comp
;tbullet_cuppy;$comp
;hjaehnig_cuppy;$comp
;mdigit_cuppy;$comp
;ovh_cuppy;$comp
;nvp_cuppy;$comp
;ariel_cuppy;$comp
;sternthaler;$comp
;pp;$comp

INSERT_UPDATE MatchBet;player(uid)[unique=true];match(id,group(code,competition(code[default=$comp])))[unique=true];guestGoals;homeGoals
;sternthaler;25:QUARTER;4;3;
;sternthaler;26:QUARTER;0;4;
;sternthaler;27:QUARTER;1;5;
;sternthaler;28:QUARTER;2;1;
;sternthaler;29:SEMI;2;1;
;sternthaler;30:SEMI;5;3;
;sternthaler;31:FINAL;3;2;
;ppetersonson_cuppy;25:QUARTER;3;5;
;ppetersonson_cuppy;26:QUARTER;3;0;
;ppetersonson_cuppy;27:QUARTER;5;5;
;ppetersonson_cuppy;28:QUARTER;5;4;
;ppetersonson_cuppy;29:SEMI;2;1;
;ppetersonson_cuppy;30:SEMI;2;0;
;ppetersonson_cuppy;31:FINAL;0;5;
;demo_cuppy;25:QUARTER;0;2;
;demo_cuppy;26:QUARTER;1;4;
;demo_cuppy;27:QUARTER;2;0;
;demo_cuppy;28:QUARTER;0;1;
;demo_cuppy;29:SEMI;1;2;
;demo_cuppy;30:SEMI;0;0;
;demo_cuppy;31:FINAL;1;0;
;hweaving_cuppy;25:QUARTER;5;2;
;hweaving_cuppy;26:QUARTER;5;3;
;hweaving_cuppy;27:QUARTER;2;5;
;hweaving_cuppy;28:QUARTER;4;0;
;hweaving_cuppy;29:SEMI;3;1;
;hweaving_cuppy;30:SEMI;4;3;
;hweaving_cuppy;31:FINAL;5;5;
;sbrueck_cuppy;25:QUARTER;1;3;
;sbrueck_cuppy;27:QUARTER;0;0;
;sbrueck_cuppy;28:QUARTER;5;4;
;sbrueck_cuppy;29:SEMI;1;3;
;sbrueck_cuppy;30:SEMI;1;5;
;sbrueck_cuppy;31:FINAL;4;3;
;hpneumann_cuppy;25:QUARTER;2;4;
;hpneumann_cuppy;26:QUARTER;5;4;
;hpneumann_cuppy;27:QUARTER;4;4;
;hpneumann_cuppy;28:QUARTER;2;3;
;hpneumann_cuppy;29:SEMI;5;0;
;hpneumann_cuppy;30:SEMI;3;3;
;hpneumann_cuppy;31:FINAL;3;5;
;ahertz_cuppy;25:QUARTER;1;2;
;ahertz_cuppy;26:QUARTER;3;1;
;ahertz_cuppy;27:QUARTER;5;1;
;ahertz_cuppy;28:QUARTER;1;0;
;ahertz_cuppy;29:SEMI;4;3;
;ahertz_cuppy;30:SEMI;2;1;
;ahertz_cuppy;31:FINAL;0;2;
;abrode_cuppy;25:QUARTER;0;5;
;abrode_cuppy;26:QUARTER;5;4;
;abrode_cuppy;27:QUARTER;4;0;
;abrode_cuppy;28:QUARTER;4;3;
;abrode_cuppy;29:SEMI;4;2;
;abrode_cuppy;30:SEMI;1;5;
;abrode_cuppy;31:FINAL;4;1;
;hschweiger_cuppy;25:QUARTER;3;3;
;hschweiger_cuppy;26:QUARTER;3;3;
;hschweiger_cuppy;27:QUARTER;1;2;
;hschweiger_cuppy;28:QUARTER;3;2;
;hschweiger_cuppy;29:SEMI;2;4;
;hschweiger_cuppy;30:SEMI;4;1;
;hschweiger_cuppy;31:FINAL;4;4;
;dkaufmann_cuppy;25:QUARTER;3;4;
;dkaufmann_cuppy;26:QUARTER;5;3;
;dkaufmann_cuppy;27:QUARTER;2;0;
;dkaufmann_cuppy;28:QUARTER;4;2;
;dkaufmann_cuppy;29:SEMI;5;4;
;dkaufmann_cuppy;30:SEMI;0;1;
;dkaufmann_cuppy;31:FINAL;4;1;
;kvitali_cuppy;25:QUARTER;5;0;
;kvitali_cuppy;27:QUARTER;1;1;
;kvitali_cuppy;28:QUARTER;1;3;
;kvitali_cuppy;29:SEMI;5;2;
;kvitali_cuppy;30:SEMI;5;1;
;kvitali_cuppy;31:FINAL;3;1;
;bpoweronoff_cuppy;25:QUARTER;1;2;
;bpoweronoff_cuppy;26:QUARTER;3;2;
;bpoweronoff_cuppy;27:QUARTER;3;3;
;bpoweronoff_cuppy;28:QUARTER;3;4;
;bpoweronoff_cuppy;29:SEMI;0;4;
;bpoweronoff_cuppy;30:SEMI;2;3;
;bpoweronoff_cuppy;31:FINAL;5;1;
;tbullet_cuppy;25:QUARTER;5;2;
;tbullet_cuppy;26:QUARTER;5;4;
;tbullet_cuppy;27:QUARTER;4;0;
;tbullet_cuppy;28:QUARTER;0;4;
;tbullet_cuppy;29:SEMI;3;5;
;tbullet_cuppy;31:FINAL;0;2;
;hjaehnig_cuppy;25:QUARTER;1;3;
;hjaehnig_cuppy;26:QUARTER;0;5;
;hjaehnig_cuppy;27:QUARTER;5;2;
;hjaehnig_cuppy;28:QUARTER;5;3;
;hjaehnig_cuppy;29:SEMI;3;4;
;hjaehnig_cuppy;31:FINAL;0;3;
;mdigit_cuppy;25:QUARTER;5;2;
;mdigit_cuppy;26:QUARTER;1;4;
;mdigit_cuppy;27:QUARTER;5;4;
;mdigit_cuppy;28:QUARTER;3;3;
;mdigit_cuppy;29:SEMI;1;1;
;mdigit_cuppy;30:SEMI;5;1;
;mdigit_cuppy;31:FINAL;0;1;
;ovh_cuppy;25:QUARTER;3;3;
;ovh_cuppy;26:QUARTER;3;2;
;ovh_cuppy;27:QUARTER;1;0;
;ovh_cuppy;28:QUARTER;3;5;
;ovh_cuppy;29:SEMI;0;4;
;ovh_cuppy;30:SEMI;2;3;
;ovh_cuppy;31:FINAL;3;2;
;nvp_cuppy;25:QUARTER;0;5;
;nvp_cuppy;26:QUARTER;3;3;
;nvp_cuppy;27:QUARTER;2;3;
;nvp_cuppy;28:QUARTER;1;0;
;nvp_cuppy;29:SEMI;4;1;
;nvp_cuppy;30:SEMI;2;3;
;nvp_cuppy;31:FINAL;5;3;
;ariel_cuppy;25:QUARTER;5;3;
;ariel_cuppy;26:QUARTER;0;0;
;ariel_cuppy;27:QUARTER;0;0;
;ariel_cuppy;28:QUARTER;4;5;
;ariel_cuppy;29:SEMI;4;2;
;ariel_cuppy;30:SEMI;0;1;
;ariel_cuppy;31:FINAL;2;5;
;pp;25:QUARTER;1;4;
;pp;26:QUARTER;5;2;
;pp;27:QUARTER;0;2;
;pp;28:QUARTER;0;2;
;pp;29:SEMI;3;4;
;pp;30:SEMI;1;1;
;pp;31:FINAL;3;5;
