#http://de.wikipedia.org/wiki/ISO-3166-1-Kodierliste

# set locale for the Match.date data
#%impex.setLocale(Locale.GERMANY)

$comp=ec2008

insert_update Competition;code[unique=true];name[lang=de];name[lang=en];type(code)
;$comp;EM 2008 Österreich/Schweiz;EC 2008 Austria/Switzerland;tournament

# INSERT_UPDATE News;content[lang=de];content[lang=en];competition(code)[unique=true]
# ;Willkommen EM 2008;Welcome to Euro Cup 2008;$comp;

insert_update Group;competition(code)[unique=true,default=$comp];code[unique=true];name[lang=de];name[lang=en];name[lang=pl];multiplier;sequenceNumber
;;A;Gruppe A;Group A;Grupa A;1;1
;;B;Gruppe B;Group B;Grupa B;1;2
;;C;Gruppe C;Group C;Grupa C;1;3
;;D;Gruppe D;Group D;Grupa D;1;4
;;QUARTER;Viertelfinale;Quarter Finals;Cwiercfinal;2;10
;;SEMI;Halbfinale;Semi Finals;Półfinał;2;11
;;FINAL;Finale;Final;Final;2;13

insert_update CountryFlag;code[unique=true];realfilename;@media[translator=de.hybris.platform.impex.jalo.media.MediaDataTranslator];catalogVersion(catalog(id),version)[default=Default:Online]
;CH;ch.png;jar:/cuppy/flags/countries/ch.png
;CZ;cz.png;jar:/cuppy/flags/countries/cz.png
;PT;pt.png;jar:/cuppy/flags/countries/pt.png
;TR;tr.png;jar:/cuppy/flags/countries/tr.png
;HR;hr.png;jar:/cuppy/flags/countries/hr.png
;DE;de.png;jar:/cuppy/flags/countries/de.png
;AT;at.png;jar:/cuppy/flags/countries/at.png
;PL;pl.png;jar:/cuppy/flags/countries/pl.png
;NL;nl.png;jar:/cuppy/flags/countries/nl.png
;IT;it.png;jar:/cuppy/flags/countries/it.png
;RO;ro.png;jar:/cuppy/flags/countries/ro.png
;FR;fr.png;jar:/cuppy/flags/countries/fr.png
;ES;es.png;jar:/cuppy/flags/countries/es.png
;RU;ru.png;jar:/cuppy/flags/countries/ru.png
;SE;se.png;jar:/cuppy/flags/countries/se.png
;GR;gr.png;jar:/cuppy/flags/countries/gr.png

insert_update Team;isocode[unique=true];name[lang=de];name[lang=en];name[lang=pl];flag(code)
;CHE;Schweiz;Swiss;Szwajcaria;CH
;CZE;Tschechien;Czechia;Czechy;CZ
;POR;Portugal;Portugal;Portugalia;PT
;TUR;Türkei;Turkey;Turcja;TR
;CRO;Kroatien;Croatia;Chorwacji;HR
;GER;Deutschland;Germany;Niemcy;DE
;AUT;Österreich;Austria;Austria;AT
;POL;Polen;Poland;Polska;PL
;NLD;Niederlande;Netherlands;Holandia;NL
;ITA;Italien;Italy;Wlochy;IT
;ROU;Rumänien;Romania;Rumunia;RO
;FRA;Frankreich;France;Francja;FR
;ESP;Spanien;Spain;Hiszpania;ES
;RUS;Russland;Russia;Rosja;RU
;SWE;Schweden;Sweden;Szwecja;SE
;GRC;Griechenland;Greece;Grecja;GR

insert_update Team;isocode[unique=true];name[lang=de];name[lang=en];flag(code);dummy[default=true,virtual=true]
;A-1
;A-2
;B-1
;B-2
;C-1
;C-2
;D-1
;D-2
;25-1
;26-1
;27-1
;28-1
;29-1
;30-1

insert_update Match;id[unique=true];matchday;date[dateformat='dd.MM.yy HH:mm'];homeTeam(isocode);guestTeam(isocode);location;group(code,competition(code[default=$comp]))[unique=true]
;01;01;07.06.08 18:00;CHE;CZE;Basel;A
;02;01;07.06.08 20:45;POR;TUR;Genf;A
;09;05;11.06.08 18:00;CZE;POR;Genf;A
;10;05;11.06.08 20:45;CHE;TUR;Basel;A
;17;09;15.06.08 20:45;CHE;POR;Basel;A
;18;09;15.06.08 20:45;TUR;CZE;Genf;A

;03;02;08.06.08 18:00;AUT;CRO;Wien;B
;04;02;08.06.08 20:45;GER;POL;Klagenfurt;B
;11;06;12.06.08 18:00;CRO;GER;Klagenfurt;B
;12;06;12.06.08 20:45;AUT;POL;Wien;B
;19;10;16.06.08 20:45;POL;CRO;Klagenfurt;B
;20;10;16.06.08 20:45;AUT;GER;Wien;B

;05;03;09.06.08 18:00;ROU;FRA;Zürich;C
;06;03;09.06.08 20:45;NLD;ITA;Bern;C
;13;07;13.06.08 18:00;ITA;ROU;Zürich;C
;14;07;13.06.08 20:45;NLD;FRA;Bern;C
;21;11;17.06.08 20:45;NLD;ROU;Bern;C
;22;11;17.06.08 20:45;FRA;ITA;Zürich;C

;07;04;10.06.08 18:00;ESP;RUS;Innsbruck;D
;08;04;10.06.08 20:45;GRC;SWE;Salzburg;D
;15;08;14.06.08 18:00;SWE;ESP;Innsbruck;D
;16;08;14.06.08 20:45;GRC;RUS;Salzburg;D
;23;12;18.06.08 20:45;GRC;ESP;Salzburg;D
;24;12;18.06.08 20:45;RUS;SWE;Innsbruck;D

;25;13;19.06.08 20:45;A-1;B-2;Basel;QUARTER
;26;14;20.06.08 20:45;B-1;A-2;Wien;QUARTER
;27;15;21.06.08 20:45;C-1;D-2;Basel;QUARTER
;28;16;22.06.08 20:45;D-1;D-2;Wien;QUARTER
;29;17;25.06.08 20:45;25-1;26-1;Basel;SEMI
;30;18;26.06.08 20:45;27-1;28-1;Wien;SEMI
;31;19;29.06.08 20:45;29-1;30-1;Wien;FINAL
