#http://de.wikipedia.org/wiki/ISO-3166-1-Kodierliste

# set locale for the Match.date data
#%impex.setLocale(Locale.GERMANY)

$comp=ec2004

insert_update Competition;code[unique=true];name[lang=de];name[lang=en];type(code)
;$comp;EM 2004 Portugal;EC 2004 Portugal;tournament

# INSERT_UPDATE News;content[lang=de];content[lang=en];competition(code)[unique=true]
# ;Willkommen EM 2004;Welcome to Euro Cup 2004;$comp;

insert_update Group;competition(code)[unique=true,default=$comp];code[unique=true];name[lang=de];name[lang=en];name[lang=pl];multiplier;sequenceNumber
;;A;Gruppe A;Group A;Grupa A;1;1
;;B;Gruppe B;Group B;Grupa B;1;2
;;C;Gruppe C;Group C;Grupa C;1;3
;;D;Gruppe D;Group D;Grupa D;1;4
;;QUARTER;Viertelfinale;Quarter Finals;Cwiercfinal;2;10
;;SEMI;Halbfinale;Semi Finals;Półfinał;2;11
;;FINAL;Finale;Final;Final;2;13

insert_update CountryFlag;code[unique=true];realfilename;@media[translator=de.hybris.platform.impex.jalo.media.MediaDataTranslator];catalogVersion(catalog(id),version)[default=Default:Online]
;PT;pt.png;jar:/cuppy/flags/countries/pt.png
;GR;gr.png;jar:/cuppy/flags/countries/gr.png
;ES;es.png;jar:/cuppy/flags/countries/es.png
;RU;ru.png;jar:/cuppy/flags/countries/ru.png
;FR;fr.png;jar:/cuppy/flags/countries/fr.png
;EN;en.png;jar:/cuppy/flags/countries/england.png
;HR;hr.png;jar:/cuppy/flags/countries/hr.png
;CH;ch.png;jar:/cuppy/flags/countries/ch.png
;SE;se.png;jar:/cuppy/flags/countries/se.png
;DK;dk.png;jar:/cuppy/flags/countries/dk.png
;IT;it.png;jar:/cuppy/flags/countries/it.png
;BG;bg.png;jar:/cuppy/flags/countries/bg.png
;CZ;cz.png;jar:/cuppy/flags/countries/cz.png
;NL;nl.png;jar:/cuppy/flags/countries/nl.png
;DE;de.png;jar:/cuppy/flags/countries/de.png
;LV;lv.png;jar:/cuppy/flags/countries/lv.png

insert_update Team;isocode[unique=true];name[lang=de];name[lang=en];name[lang=pl];flag(code)
;POR;Portugal;Portugal;Portugalia;PT
;GRC;Griechenland;Greece;Grecja;GR
;ESP;Spanien;Spain;Hiszpania;ES
;RUS;Russland;Russia;Rosja;RU
;FRA;Frankreich;France;Francja;FR
;ENG;England;England;Anglia;EN
;CRO;Kroation;Croatia;Chorwacji;HR
;CHE;Schweiz;Swiss;Szwajcaria;CH
;SWE;Schweden;Sweden;Szwecja;SE
;DEN;Dänemark;Denmark;Dania;DK
;ITA;Italien;Italy;Wlochy;IT
;BUL;Bulgarien;Bulgaria;Bułgaria;BG
;CZE;Tschechien;Czechia;Czechy;CZ
;NLD;Niederlande;Netherlands;Holandia;NL
;GER;Deutschland;Germany;Niemcy;DE
;LAT;Lettland;Latvia;Łotwa;LV

insert_update Team;isocode[unique=true];name[lang=de];name[lang=en];flag(code);dummy[default=true,virtual=true]
;A-1
;A-2
;B-1
;B-2
;C-1
;C-2
;D-1
;D-2
;25-1
;26-1
;27-1
;28-1
;29-1
;30-1

insert_update Match;id[unique=true];matchday;date[dateformat='dd.MM.yy HH:mm'];homeTeam(isocode);guestTeam(isocode);location;group(code,competition(code[default=$comp]))[unique=true]
;01;01;12.06.04 17:00;POR;GRC;Porto;A
;02;01;12.06.04 19:45;ESP;RUS;Faro-Loulé;A
;09;05;16.06.04 17:00;GRC;ESP;Porto;A
;10;05;16.06.04 19:45;RUS;POR;Lisbon;A
;17;09;20.06.04 19:45;ESP;POR;Lisbon;A
;18;09;20.06.04 19:45;RUS;GRC;Faro-Loulé;A

;03;02;13.06.04 17:00;CHE;CRO;Leiria;B
;04;02;13.06.04 19:45;FRA;ENG;Lisbon;B
;11;06;17.06.04 17:00;ENG;CHE;Coimbra;B
;12;06;17.06.04 19:45;CRO;FRA;Leiria;B
;19;10;21.06.04 19:45;CRO;ENG;Lisbon;B
;20;10;21.06.04 19:45;CHE;FRA;Coimbra;B

;05;03;14.06.04 17:00;DEN;ITA;Guimarães;C
;06;03;14.06.04 19:45;SWE;BUL;Lisbon;C
;13;07;18.06.04 17:00;BUL;DEN;Braga;C
;14;07;18.06.04 19:45;ITA;SWE;Porto;C
;21;11;22.06.04 19:45;ITA;BUL;Guimarães;C
;22;11;22.06.04 19:45;DEN;SWE;Porto;C

;07;04;15.06.04 17:00;CZE;LAT;Aveiro;D
;08;04;15.06.04 19:45;GER;NLD;Porto;D
;15;08;19.06.04 17:00;LAT;GER;Porto;D
;16;08;19.06.04 19:45;NLD;CZE;Aveiro;D
;23;12;23.06.04 19:45;NLD;LAT;Braga;D
;24;12;23.06.04 19:45;GER;CZE;Lisbon;D

;25;13;24.06.04 19:45;A-1;B-2;Lisbon;QUARTER
;26;14;25.06.04 19:45;B-1;A-2;Lisbon;QUARTER
;27;15;26.06.04 19:45;C-1;D-2;Faro-Loulé;QUARTER
;28;16;27.06.04 19:45;D-1;D-2;Porto;QUARTER
;29;17;30.06.04 19:45;25-1;26-1;Lisbon;SEMI
;30;18;01.07.04 19:45;27-1;28-1;Porto;SEMI
;31;19;04.07.04 19:45;29-1;30-1;Lisbon;FINAL
