#http://de.wikipedia.org/wiki/ISO-3166-1-Kodierliste

# set locale for the Match.date data
#%impex.setLocale(Locale.GERMANY)

$comp=wc2006

insert_update Competition;code[unique=true];name[lang=de];name[lang=en];type(code)
;$comp;WM 2006 Deutschland;WC 2006 Germany;tournament

# INSERT_UPDATE News;content[lang=de];content[lang=en];competition(code)[unique=true]
# ;Willkommen zur WM 2006;Welcome to World Cup 2006;$comp;

insert_update Group;competition(code[default=$comp])[unique=true];code[unique=true];name[lang=de];name[lang=en];name[lang=pl];multiplier;sequenceNumber
;;A;Gruppe A;Group A;Grupa A;1;1
;;B;Gruppe B;Group B;Grupa B;1;2
;;C;Gruppe C;Group C;Grupa C;1;3
;;D;Gruppe D;Group D;Grupa D;1;4
;;E;Gruppe E;Group E;Grupa E;1;5
;;F;Gruppe F;Group F;Grupa F;1;6
;;G;Gruppe G;Group G;Grupa G;1;7
;;H;Gruppe H;Group H;Grupa H;1;8
;;LAST16;Achtelfinale;Last16;Czwarta runda;2;9
;;QUARTER;Viertelfinale;Quarter Finals;Ćwierćfinał;2;10
;;SEMI;Halbfinale;Semi Finals;Półfinał;2;11
;;THIRD;Kleines Finale;Third Place;Mecz o trzecie miejsce;2;12
;;FINAL;Finale;Final;Finał;2;13

insert_update CountryFlag;code[unique=true];realfilename;@media[translator=de.hybris.platform.impex.jalo.media.MediaDataTranslator];catalogVersion(catalog(id),version)[default=Default:Online]
;DE;de.png;jar:/cuppy/flags/countries/de.png
;CR;cr.png;jar:/cuppy/flags/countries/cr.png
;PL;pl.png;jar:/cuppy/flags/countries/pl.png
;EC;ec.png;jar:/cuppy/flags/countries/ec.png
;EN;en.png;jar:/cuppy/flags/countries/england.png
;PY;py.png;jar:/cuppy/flags/countries/py.png
;TT;tt.png;jar:/cuppy/flags/countries/tt.png
;SE;se.png;jar:/cuppy/flags/countries/se.png
;AR;ar.png;jar:/cuppy/flags/countries/ar.png
;NL;nl.png;jar:/cuppy/flags/countries/nl.png
;CI;ci.png;jar:/cuppy/flags/countries/ci.png
;RS;rs.png;jar:/cuppy/flags/countries/rs.png
;PT;pt.png;jar:/cuppy/flags/countries/pt.png
;MX;mx.png;jar:/cuppy/flags/countries/mx.png
;AO;ao.png;jar:/cuppy/flags/countries/ao.png
;IR;ir.png;jar:/cuppy/flags/countries/ir.png
;IT;it.png;jar:/cuppy/flags/countries/it.png
;GH;gh.png;jar:/cuppy/flags/countries/gh.png
;CZ;cz.png;jar:/cuppy/flags/countries/cz.png
;US;us.png;jar:/cuppy/flags/countries/us.png
;BR;br.png;jar:/cuppy/flags/countries/br.png
;HR;hr.png;jar:/cuppy/flags/countries/hr.png
;JP;jp.png;jar:/cuppy/flags/countries/jp.png
;CH;ch.png;jar:/cuppy/flags/countries/ch.png
;FR;fr.png;jar:/cuppy/flags/countries/fr.png
;KR;kr.png;jar:/cuppy/flags/countries/kr.png
;TG;tg.png;jar:/cuppy/flags/countries/tg.png
;ES;es.png;jar:/cuppy/flags/countries/es.png
;UA;ua.png;jar:/cuppy/flags/countries/ua.png
;TN;tn.png;jar:/cuppy/flags/countries/tn.png
;SA;sa.png;jar:/cuppy/flags/countries/sa.png
;AU;au.png;jar:/cuppy/flags/countries/au.png

insert_update Team;isocode[unique=true];name[lang=de];name[lang=en];name[lang=pl];flag(code)
;GER;Deutschland;Germany;Niemcy;DE
;CRC;Costa Rica;Costa Rica;Kostaryka;CR
;POL;Polen;Poland;Polska;PL
;ECU;Ecuador;Ecuador;Ekwador;EC
;ENG;Endland;England;Anglia;EN
;PAR;Paraguay;Paraguay;Paragwaj;PY
;TRI;Trinidad und Tobago;Trinidad and Tobago;Trynidad i Tobago;TT
;SWE;Schweden;Sweden;Szwecja;SE
;ARG;Argentinien;Argentina;Argentyna;AR
;NLD;Niederlande;Netherlands;Holandia;NL
;CIV;Elfenbeinküste;Ivory Coast;WKS;CI
;SRB;Serbien;Serbia;Serbia;RS
;POR;Portugal;Portugal;Portugalia;PT
;MEX;Mexiko;Mexico;Meksyk;MX
;ANG;Angola;Angola;Angola;AO
;IRI;Iran;Iran;Angola;IR
;ITA;Italien;Italy;Włochy;IT
;GHA;Ghana;Ghana;Ghana;GH
;CZE;Tschechien;Czech Republic;Czechy;CZ
;USA;USA;USA;USA;US
;BRA;Brasilien;Brazil;Brazylia;BR
;CRO;Kroation;Croatia;Chorwacji;HR
;JPN;Japan;Japan;Japonia;JP
;CHE;Schweiz;Swiss;Szwajcaria;CH
;FRA;Frankreich;France;Francja;FR
;KOR;Südkorea;South Korea;Korea Południowa;KR
;TOG;Togo;Togo;Korea Południowa;TG
;ESP;Spanien;Spain;Hiszpania;ES
;UKR;Ukraine;Ukraine;Ukraina;UA
;TUN;Tunesien;Tunisia;Tunezja;TN
;KSA;Saudi Arabien;Saudi Arabia; Arabia Saudyjska;SA
;AUS;Australien;Australia;Australia;AU

insert_update Team;isocode[unique=true];name[lang=de];name[lang=en];flag(code);dummy[default=true,virtual=true]
;E-1
;B-2
;A-1
;F-2
;F-1
;A-2
;B-1
;E-2
;G-1
;D-2
;C-1
;H-2
;H-1
;C-2
;D-1
;G-2
;50-1
;54-1
;49-1
;53-1
;52-1
;56-1
;51-1
;55-1
;58-1
;59-1
;57-1
;60-1
;61-2
;62-2
;61-1
;62-1

insert_update Match;id[unique=true];matchday;date[dateformat='dd.MM.yy HH:mm'];homeTeam(isocode);guestTeam(isocode);location;group(code,competition(code[default=$comp]))[unique=true]
;01;1;09.06.06 18:00;GER;CRC;München;A
;02;1;09.06.06 21:00;POL;ECU;Gelsenkirchen;A
;17;6;14.06.06 21:00;GER;POL;Dortmund;A
;18;7;15.06.06 15:00;ECU;CRC;Hamburg;A
;33;12;20.06.06 16:00;ECU;GER;Berlin;A
;34;12;20.06.06 16:00;CRC;POL;Hannover;A

;03;2;10.06.06 15:00;ENG;PAR;Frankfurt;B
;04;2;10.06.06 18:00;TRI;SWE;Dortmund;B
;19;7;15.06.06 18:00;ENG;TRI;Nürnberg;B
;20;7;15.06.06 21:00;SWE;PAR;Berlin;B
;35;12;20.06.06 21:00;SWE;ENG;Köln;B
;36;12;20.06.06 21:00;PAR;TRI;Kaiserslautern;B

;05;2;10.06.06 21:00;ARG;CIV;Hamburg;C
;06;3;11.06.06 15:00;SRB;NLD;Leipzig;C
;21;8;16.06.06 15:00;ARG;SRB;Gelsenkirchen;C
;22;8;16.06.06 18:00;NLD;CIV;Stuttgart;C
;37;13;21.06.06 21:00;NLD;ARG;Frankfurt;C
;38;13;21.06.06 21:00;CIV;SRB;München;C

;07;3;11.06.06 18:00;MEX;IRI;Nürnberg;D
;08;3;11.06.06 21:00;ANG;POR;Köln;D
;23;8;16.06.06 21:00;MEX;ANG;Hannover;D
;24;9;17.06.06 15:00;POR;IRI;Frankfurt;D
;39;13;21.06.06 16:00;POR;MEX;Gelsenkirchen;D
;40;13;21.06.06 16:00;IRI;ANG;Leipzig;D

;09;4;12.06.06 18:00;USA;CZE;Gelsenkirchen;E
;10;4;12.06.06 21:00;ITA;GHA;Hannover;E
;25;9;17.06.06 18:00;CZE;GHA;Köln;E
;26;9;17.06.06 21:00;ITA;USA;Kaiserslautern;E
;41;14;22.06.06 16:00;CZE;ITA;Hamburg;E
;42;14;22.06.06 16:00;GHA;USA;Nürnberg;E

;11;4;12.06.06 15:00;AUS;JPN;Kaiserslautern;F
;12;5;13.06.06 21:00;BRA;CRO;Berlin;F
;27;10;18.06.06 15:00;JPN;CRO;Nürnberg;F
;28;10;18.06.06 18:00;BRA;AUS;München;F
;43;14;22.06.06 21:00;JPN;BRA;Dortmund;F
;44;14;22.06.06 21:00;CRO;AUS;Stuttgart;F

;13;5;13.06.06 15:00;KOR;TOG;Frankfurt;G
;14;5;13.06.06 18:00;FRA;CHE;Stuttgart;G
;29;10;18.06.06 21:00;FRA;KOR;Leipzig;G
;30;11;19.06.06 15:00;TOG;CHE;Dortmund;G
;45;15;23.06.06 21:00;TOG;FRA;Köln;G
;46;15;23.06.06 21:00;CHE;KOR;Hannover;G

;15;6;14.06.06 15:00;ESP;UKR;Leipzig;H
;16;6;14.06.06 18:00;TUN;KSA;München;H
;31;11;19.06.06 18:00;KSA;UKR;Hamburg;H
;32;11;19.06.06 21:00;ESP;TUN;Stuttgart;H
;47;15;23.06.06 16:00;KSA;ESP;Kaiserslautern;H
;48;15;23.06.06 16:00;UKR;TUN;Berlin;H

;49;16;24.06.06 18:00;A-1;B-2;München;LAST16
;50;16;24.06.06 21:00;C-1;D-2;Leipzig;LAST16
;51;17;25.06.06 18:00;B-1;A-2;Stuttgart;LAST16
;52;17;25.06.06 21:00;D-1;C-2;Nürnberg;LAST16
;53;18;26.06.06 18:00;E-1;F-2;Kaiserslautern;LAST16
;54;18;26.06.06 21:00;G-1;H-2;Köln;LAST16
;55;19;27.06.06 18:00;F-1;E-2;Dortmund;LAST16
;56;19;27.06.06 21:00;H-1;G-2;Hannover;LAST16

;57;20;30.06.06 18:00;50-1;54-1;Berlin;QUARTER
;58;20;30.06.06 21:00;49-1;53-1;Hamburg;QUARTER
;59;21;01.07.06 18:00;52-1;56-1;Gelsenkirchen;QUARTER
;60;21;01.07.06 21:00;51-1;55-1;Frankfurt;QUARTER

;61;22;04.06.06 21:00;58-1;59-1;Dortmund;SEMI
;62;23;05.06.06 21:00;57-1;60-1;München;SEMI

;63;24;08.06.06 21:00;61-2;62-2;Stuttgart;THIRD
;64;25;09.06.06 21:00;61-1;62-1;Berlin;FINAL
