$comp=wc2002

UPDATE Player;uid[unique=true];competitions(code)[mode=append]
;ppetersonson_cuppy;$comp
;demo_cuppy;$comp
;hweaving_cuppy;$comp
;sbrueck_cuppy;$comp
;hpneumann_cuppy;$comp
;ahertz_cuppy;$comp
;abrode_cuppy;$comp
;hschweiger_cuppy;$comp
;dkaufmann_cuppy;$comp
;kvitali_cuppy;$comp
;bpoweronoff_cuppy;$comp
;tbullet_cuppy;$comp
;hjaehnig_cuppy;$comp
;mdigit_cuppy;$comp
;ovh_cuppy;$comp
;nvp_cuppy;$comp
;ariel_cuppy;$comp
;sternthaler;$comp
;pp;$comp

INSERT_UPDATE MatchBet;player(uid)[unique=true];match(id,group(code,competition(code[default=$comp])))[unique=true];guestGoals;homeGoals
;sternthaler;1:A;4;1;
;sternthaler;2:E;2;0;
;sternthaler;3:A;0;3;
;sternthaler;4:E;1;5;
;sternthaler;5:F;3;5;
;sternthaler;6:B;4;0;
;sternthaler;7:F;4;1;
;sternthaler;8:B;3;5;
;sternthaler;9:G;1;0;
;sternthaler;10:C;3;0;
;sternthaler;11:G;4;5;
;sternthaler;12:C;2;4;
;sternthaler;13:H;4;1;
;sternthaler;14:D;0;3;
;sternthaler;15:H;1;5;
;sternthaler;16:D;5;4;
;sternthaler;17:E;4;4;
;sternthaler;18:A;5;5;
;sternthaler;19:E;3;3;
;sternthaler;20:A;3;0;
;sternthaler;21:F;0;2;
;sternthaler;22:B;1;4;
;sternthaler;23:F;5;0;
;sternthaler;24:B;0;3;
;sternthaler;25:G;3;5;
;sternthaler;26:C;1;1;
;sternthaler;27:G;3;1;
;sternthaler;28:C;4;3;
;sternthaler;29:H;2;1;
;sternthaler;30:D;3;3;
;sternthaler;31:H;4;0;
;sternthaler;32:D;4;1;
;sternthaler;33:A;4;4;
;sternthaler;34:A;5;3;
;sternthaler;35:E;1;2;
;sternthaler;36:E;3;0;
;sternthaler;37:F;5;1;
;sternthaler;38:F;2;4;
;sternthaler;39:B;3;2;
;sternthaler;40:B;1;0;
;sternthaler;42:C;0;5;
;sternthaler;43:G;0;1;
;sternthaler;44:G;0;4;
;sternthaler;45:H;1;0;
;sternthaler;46:H;1;1;
;sternthaler;47:D;4;2;
;sternthaler;48:D;2;0;
;ppetersonson_cuppy;2:E;1;0;
;ppetersonson_cuppy;3:A;1;5;
;ppetersonson_cuppy;4:E;0;1;
;ppetersonson_cuppy;5:F;0;0;
;ppetersonson_cuppy;6:B;5;1;
;ppetersonson_cuppy;7:F;1;2;
;ppetersonson_cuppy;8:B;4;1;
;ppetersonson_cuppy;9:G;4;3;
;ppetersonson_cuppy;10:C;0;4;
;ppetersonson_cuppy;11:G;3;5;
;ppetersonson_cuppy;12:C;1;5;
;ppetersonson_cuppy;13:H;3;0;
;ppetersonson_cuppy;14:D;5;4;
;ppetersonson_cuppy;15:H;1;4;
;ppetersonson_cuppy;16:D;1;0;
;ppetersonson_cuppy;17:E;1;1;
;ppetersonson_cuppy;18:A;0;5;
;ppetersonson_cuppy;19:E;1;1;
;ppetersonson_cuppy;20:A;1;2;
;ppetersonson_cuppy;21:F;3;5;
;ppetersonson_cuppy;22:B;3;4;
;ppetersonson_cuppy;23:F;1;2;
;ppetersonson_cuppy;25:G;4;1;
;ppetersonson_cuppy;26:C;1;3;
;ppetersonson_cuppy;27:G;5;3;
;ppetersonson_cuppy;28:C;5;5;
;ppetersonson_cuppy;29:H;4;5;
;ppetersonson_cuppy;30:D;5;2;
;ppetersonson_cuppy;31:H;2;5;
;ppetersonson_cuppy;32:D;2;1;
;ppetersonson_cuppy;33:A;5;2;
;ppetersonson_cuppy;35:E;2;4;
;ppetersonson_cuppy;36:E;1;2;
;ppetersonson_cuppy;37:F;0;0;
;ppetersonson_cuppy;38:F;4;4;
;ppetersonson_cuppy;39:B;5;1;
;ppetersonson_cuppy;40:B;4;0;
;ppetersonson_cuppy;41:C;3;4;
;ppetersonson_cuppy;42:C;2;4;
;ppetersonson_cuppy;43:G;3;1;
;ppetersonson_cuppy;44:G;2;2;
;ppetersonson_cuppy;45:H;5;3;
;ppetersonson_cuppy;46:H;3;3;
;ppetersonson_cuppy;47:D;3;2;
;ppetersonson_cuppy;48:D;1;2;
;demo_cuppy;1:A;4;4;
;demo_cuppy;2:E;2;3;
;demo_cuppy;3:A;3;3;
;demo_cuppy;4:E;1;4;
;demo_cuppy;5:F;4;2;
;demo_cuppy;6:B;3;3;
;demo_cuppy;7:F;5;0;
;demo_cuppy;8:B;4;3;
;demo_cuppy;9:G;3;5;
;demo_cuppy;10:C;2;3;
;demo_cuppy;11:G;0;3;
;demo_cuppy;12:C;4;0;
;demo_cuppy;13:H;0;0;
;demo_cuppy;14:D;5;2;
;demo_cuppy;15:H;2;0;
;demo_cuppy;16:D;3;0;
;demo_cuppy;17:E;0;0;
;demo_cuppy;18:A;4;5;
;demo_cuppy;19:E;4;3;
;demo_cuppy;20:A;5;0;
;demo_cuppy;21:F;2;0;
;demo_cuppy;22:B;4;1;
;demo_cuppy;23:F;2;1;
;demo_cuppy;24:B;4;4;
;demo_cuppy;25:G;4;3;
;demo_cuppy;26:C;5;4;
;demo_cuppy;27:G;2;4;
;demo_cuppy;28:C;0;4;
;demo_cuppy;29:H;2;3;
;demo_cuppy;30:D;5;1;
;demo_cuppy;31:H;2;5;
;demo_cuppy;33:A;1;4;
;demo_cuppy;34:A;1;3;
;demo_cuppy;35:E;0;2;
;demo_cuppy;36:E;3;0;
;demo_cuppy;37:F;2;3;
;demo_cuppy;38:F;0;5;
;demo_cuppy;39:B;5;0;
;demo_cuppy;40:B;5;3;
;demo_cuppy;41:C;3;1;
;demo_cuppy;42:C;4;5;
;demo_cuppy;43:G;5;3;
;demo_cuppy;44:G;3;4;
;demo_cuppy;45:H;3;5;
;demo_cuppy;46:H;1;5;
;demo_cuppy;47:D;4;2;
;demo_cuppy;48:D;2;2;
;hweaving_cuppy;1:A;4;1;
;hweaving_cuppy;2:E;5;5;
;hweaving_cuppy;3:A;0;4;
;hweaving_cuppy;5:F;3;3;
;hweaving_cuppy;6:B;3;4;
;hweaving_cuppy;7:F;5;2;
;hweaving_cuppy;8:B;3;5;
;hweaving_cuppy;10:C;5;4;
;hweaving_cuppy;11:G;4;4;
;hweaving_cuppy;12:C;0;0;
;hweaving_cuppy;14:D;2;1;
;hweaving_cuppy;15:H;0;0;
;hweaving_cuppy;16:D;0;4;
;hweaving_cuppy;17:E;1;3;
;hweaving_cuppy;18:A;5;1;
;hweaving_cuppy;19:E;4;2;
;hweaving_cuppy;21:F;1;0;
;hweaving_cuppy;24:B;3;5;
;hweaving_cuppy;25:G;3;0;
;hweaving_cuppy;26:C;0;2;
;hweaving_cuppy;27:G;4;0;
;hweaving_cuppy;28:C;3;1;
;hweaving_cuppy;29:H;4;4;
;hweaving_cuppy;30:D;0;1;
;hweaving_cuppy;31:H;5;0;
;hweaving_cuppy;33:A;1;0;
;hweaving_cuppy;34:A;3;5;
;hweaving_cuppy;35:E;4;4;
;hweaving_cuppy;36:E;4;3;
;hweaving_cuppy;37:F;1;5;
;hweaving_cuppy;39:B;4;5;
;hweaving_cuppy;40:B;5;3;
;hweaving_cuppy;41:C;2;4;
;hweaving_cuppy;42:C;5;3;
;hweaving_cuppy;43:G;4;4;
;hweaving_cuppy;44:G;3;1;
;hweaving_cuppy;45:H;0;3;
;hweaving_cuppy;46:H;4;4;
;hweaving_cuppy;47:D;5;0;
;hweaving_cuppy;48:D;0;5;
;sbrueck_cuppy;1:A;3;5;
;sbrueck_cuppy;2:E;2;0;
;sbrueck_cuppy;3:A;5;4;
;sbrueck_cuppy;4:E;3;1;
;sbrueck_cuppy;5:F;4;0;
;sbrueck_cuppy;6:B;2;1;
;sbrueck_cuppy;7:F;1;3;
;sbrueck_cuppy;8:B;4;1;
;sbrueck_cuppy;9:G;5;1;
;sbrueck_cuppy;10:C;5;5;
;sbrueck_cuppy;11:G;3;2;
;sbrueck_cuppy;12:C;3;0;
;sbrueck_cuppy;13:H;4;2;
;sbrueck_cuppy;14:D;5;5;
;sbrueck_cuppy;15:H;3;0;
;sbrueck_cuppy;17:E;2;1;
;sbrueck_cuppy;18:A;2;4;
;sbrueck_cuppy;19:E;4;5;
;sbrueck_cuppy;20:A;3;5;
;sbrueck_cuppy;21:F;2;0;
;sbrueck_cuppy;22:B;0;0;
;sbrueck_cuppy;23:F;1;2;
;sbrueck_cuppy;24:B;1;2;
;sbrueck_cuppy;25:G;5;5;
;sbrueck_cuppy;26:C;1;4;
;sbrueck_cuppy;27:G;5;0;
;sbrueck_cuppy;29:H;5;4;
;sbrueck_cuppy;30:D;1;1;
;sbrueck_cuppy;31:H;4;5;
;sbrueck_cuppy;32:D;3;3;
;sbrueck_cuppy;33:A;0;1;
;sbrueck_cuppy;34:A;1;2;
;sbrueck_cuppy;35:E;0;2;
;sbrueck_cuppy;36:E;5;4;
;sbrueck_cuppy;38:F;3;1;
;sbrueck_cuppy;39:B;0;5;
;sbrueck_cuppy;40:B;5;1;
;sbrueck_cuppy;41:C;4;1;
;sbrueck_cuppy;42:C;3;1;
;sbrueck_cuppy;43:G;3;1;
;sbrueck_cuppy;44:G;0;0;
;sbrueck_cuppy;45:H;3;2;
;sbrueck_cuppy;46:H;5;4;
;sbrueck_cuppy;47:D;0;0;
;sbrueck_cuppy;48:D;4;4;
;hpneumann_cuppy;1:A;1;5;
;hpneumann_cuppy;2:E;0;3;
;hpneumann_cuppy;3:A;1;0;
;hpneumann_cuppy;4:E;1;3;
;hpneumann_cuppy;5:F;1;4;
;hpneumann_cuppy;6:B;3;5;
;hpneumann_cuppy;7:F;4;3;
;hpneumann_cuppy;8:B;5;0;
;hpneumann_cuppy;9:G;0;0;
;hpneumann_cuppy;10:C;1;1;
;hpneumann_cuppy;11:G;4;3;
;hpneumann_cuppy;12:C;1;2;
;hpneumann_cuppy;13:H;2;4;
;hpneumann_cuppy;14:D;2;0;
;hpneumann_cuppy;15:H;4;4;
;hpneumann_cuppy;16:D;0;1;
;hpneumann_cuppy;17:E;0;0;
;hpneumann_cuppy;18:A;3;4;
;hpneumann_cuppy;19:E;1;4;
;hpneumann_cuppy;20:A;4;2;
;hpneumann_cuppy;21:F;1;3;
;hpneumann_cuppy;22:B;1;2;
;hpneumann_cuppy;23:F;3;5;
;hpneumann_cuppy;24:B;3;5;
;hpneumann_cuppy;25:G;0;2;
;hpneumann_cuppy;26:C;1;4;
;hpneumann_cuppy;27:G;5;1;
;hpneumann_cuppy;28:C;2;1;
;hpneumann_cuppy;29:H;5;3;
;hpneumann_cuppy;30:D;0;4;
;hpneumann_cuppy;31:H;1;5;
;hpneumann_cuppy;32:D;2;1;
;hpneumann_cuppy;33:A;0;5;
;hpneumann_cuppy;34:A;2;2;
;hpneumann_cuppy;35:E;5;3;
;hpneumann_cuppy;36:E;5;2;
;hpneumann_cuppy;37:F;5;5;
;hpneumann_cuppy;38:F;3;2;
;hpneumann_cuppy;39:B;5;3;
;hpneumann_cuppy;40:B;5;0;
;hpneumann_cuppy;41:C;1;1;
;hpneumann_cuppy;42:C;1;5;
;hpneumann_cuppy;43:G;3;5;
;hpneumann_cuppy;44:G;2;3;
;hpneumann_cuppy;45:H;2;0;
;hpneumann_cuppy;46:H;5;4;
;hpneumann_cuppy;47:D;1;3;
;hpneumann_cuppy;48:D;2;4;
;ahertz_cuppy;1:A;0;5;
;ahertz_cuppy;2:E;3;4;
;ahertz_cuppy;3:A;4;4;
;ahertz_cuppy;4:E;3;3;
;ahertz_cuppy;5:F;0;2;
;ahertz_cuppy;6:B;4;1;
;ahertz_cuppy;7:F;2;2;
;ahertz_cuppy;8:B;0;1;
;ahertz_cuppy;9:G;2;3;
;ahertz_cuppy;10:C;2;4;
;ahertz_cuppy;11:G;4;4;
;ahertz_cuppy;12:C;4;0;
;ahertz_cuppy;13:H;5;5;
;ahertz_cuppy;14:D;4;2;
;ahertz_cuppy;15:H;4;2;
;ahertz_cuppy;16:D;3;2;
;ahertz_cuppy;17:E;0;2;
;ahertz_cuppy;18:A;1;2;
;ahertz_cuppy;19:E;2;4;
;ahertz_cuppy;20:A;2;4;
;ahertz_cuppy;21:F;5;2;
;ahertz_cuppy;22:B;4;5;
;ahertz_cuppy;23:F;3;4;
;ahertz_cuppy;24:B;0;0;
;ahertz_cuppy;25:G;0;4;
;ahertz_cuppy;26:C;3;1;
;ahertz_cuppy;27:G;4;3;
;ahertz_cuppy;28:C;4;0;
;ahertz_cuppy;29:H;2;3;
;ahertz_cuppy;30:D;1;2;
;ahertz_cuppy;32:D;1;5;
;ahertz_cuppy;34:A;3;3;
;ahertz_cuppy;35:E;3;3;
;ahertz_cuppy;36:E;4;2;
;ahertz_cuppy;37:F;3;3;
;ahertz_cuppy;38:F;5;2;
;ahertz_cuppy;39:B;2;1;
;ahertz_cuppy;40:B;4;3;
;ahertz_cuppy;41:C;2;5;
;ahertz_cuppy;42:C;2;3;
;ahertz_cuppy;43:G;4;4;
;ahertz_cuppy;44:G;1;0;
;ahertz_cuppy;45:H;1;5;
;ahertz_cuppy;46:H;4;0;
;ahertz_cuppy;47:D;2;3;
;abrode_cuppy;1:A;2;2;
;abrode_cuppy;2:E;2;2;
;abrode_cuppy;3:A;5;3;
;abrode_cuppy;4:E;3;1;
;abrode_cuppy;5:F;2;1;
;abrode_cuppy;6:B;3;3;
;abrode_cuppy;7:F;2;4;
;abrode_cuppy;8:B;5;5;
;abrode_cuppy;9:G;1;1;
;abrode_cuppy;10:C;0;3;
;abrode_cuppy;11:G;2;2;
;abrode_cuppy;13:H;0;4;
;abrode_cuppy;15:H;2;0;
;abrode_cuppy;16:D;1;5;
;abrode_cuppy;17:E;0;4;
;abrode_cuppy;18:A;4;3;
;abrode_cuppy;19:E;3;2;
;abrode_cuppy;20:A;5;1;
;abrode_cuppy;21:F;5;1;
;abrode_cuppy;22:B;1;4;
;abrode_cuppy;23:F;2;1;
;abrode_cuppy;24:B;4;5;
;abrode_cuppy;25:G;2;4;
;abrode_cuppy;26:C;0;4;
;abrode_cuppy;27:G;3;1;
;abrode_cuppy;28:C;3;5;
;abrode_cuppy;29:H;3;3;
;abrode_cuppy;30:D;2;3;
;abrode_cuppy;31:H;2;0;
;abrode_cuppy;32:D;4;2;
;abrode_cuppy;33:A;0;5;
;abrode_cuppy;34:A;3;5;
;abrode_cuppy;35:E;0;1;
;abrode_cuppy;36:E;1;3;
;abrode_cuppy;37:F;3;1;
;abrode_cuppy;38:F;4;1;
;abrode_cuppy;39:B;3;3;
;abrode_cuppy;40:B;5;4;
;abrode_cuppy;41:C;3;5;
;abrode_cuppy;42:C;5;1;
;abrode_cuppy;43:G;4;5;
;abrode_cuppy;44:G;5;5;
;abrode_cuppy;45:H;5;0;
;abrode_cuppy;46:H;5;2;
;abrode_cuppy;47:D;0;3;
;hschweiger_cuppy;1:A;0;0;
;hschweiger_cuppy;2:E;3;3;
;hschweiger_cuppy;3:A;2;0;
;hschweiger_cuppy;4:E;4;0;
;hschweiger_cuppy;5:F;2;3;
;hschweiger_cuppy;6:B;3;4;
;hschweiger_cuppy;7:F;0;0;
;hschweiger_cuppy;8:B;4;4;
;hschweiger_cuppy;9:G;2;1;
;hschweiger_cuppy;10:C;1;5;
;hschweiger_cuppy;11:G;0;4;
;hschweiger_cuppy;12:C;1;4;
;hschweiger_cuppy;13:H;1;1;
;hschweiger_cuppy;14:D;5;3;
;hschweiger_cuppy;15:H;0;0;
;hschweiger_cuppy;16:D;5;2;
;hschweiger_cuppy;17:E;0;3;
;hschweiger_cuppy;18:A;1;1;
;hschweiger_cuppy;19:E;2;4;
;hschweiger_cuppy;20:A;2;0;
;hschweiger_cuppy;21:F;2;1;
;hschweiger_cuppy;22:B;0;3;
;hschweiger_cuppy;23:F;4;0;
;hschweiger_cuppy;24:B;2;3;
;hschweiger_cuppy;25:G;3;5;
;hschweiger_cuppy;26:C;0;3;
;hschweiger_cuppy;27:G;3;1;
;hschweiger_cuppy;28:C;5;0;
;hschweiger_cuppy;29:H;0;5;
;hschweiger_cuppy;31:H;1;0;
;hschweiger_cuppy;32:D;2;0;
;hschweiger_cuppy;33:A;0;1;
;hschweiger_cuppy;35:E;5;4;
;hschweiger_cuppy;36:E;5;5;
;hschweiger_cuppy;37:F;0;3;
;hschweiger_cuppy;38:F;5;4;
;hschweiger_cuppy;39:B;4;5;
;hschweiger_cuppy;40:B;4;2;
;hschweiger_cuppy;41:C;3;1;
;hschweiger_cuppy;42:C;1;0;
;hschweiger_cuppy;43:G;2;4;
;hschweiger_cuppy;44:G;4;2;
;hschweiger_cuppy;45:H;0;0;
;hschweiger_cuppy;46:H;3;5;
;hschweiger_cuppy;47:D;0;1;
;hschweiger_cuppy;48:D;5;1;
;dkaufmann_cuppy;1:A;2;5;
;dkaufmann_cuppy;2:E;3;2;
;dkaufmann_cuppy;3:A;1;2;
;dkaufmann_cuppy;4:E;5;0;
;dkaufmann_cuppy;5:F;4;5;
;dkaufmann_cuppy;7:F;0;4;
;dkaufmann_cuppy;8:B;1;1;
;dkaufmann_cuppy;9:G;4;1;
;dkaufmann_cuppy;10:C;3;4;
;dkaufmann_cuppy;11:G;4;5;
;dkaufmann_cuppy;12:C;0;2;
;dkaufmann_cuppy;13:H;2;0;
;dkaufmann_cuppy;14:D;3;5;
;dkaufmann_cuppy;15:H;0;4;
;dkaufmann_cuppy;16:D;0;5;
;dkaufmann_cuppy;17:E;2;3;
;dkaufmann_cuppy;18:A;0;5;
;dkaufmann_cuppy;19:E;3;0;
;dkaufmann_cuppy;20:A;3;2;
;dkaufmann_cuppy;21:F;5;2;
;dkaufmann_cuppy;22:B;3;4;
;dkaufmann_cuppy;23:F;5;0;
;dkaufmann_cuppy;24:B;1;5;
;dkaufmann_cuppy;25:G;5;5;
;dkaufmann_cuppy;26:C;5;5;
;dkaufmann_cuppy;27:G;4;5;
;dkaufmann_cuppy;28:C;2;0;
;dkaufmann_cuppy;29:H;0;3;
;dkaufmann_cuppy;30:D;2;0;
;dkaufmann_cuppy;31:H;4;3;
;dkaufmann_cuppy;32:D;3;1;
;dkaufmann_cuppy;33:A;4;5;
;dkaufmann_cuppy;34:A;1;1;
;dkaufmann_cuppy;35:E;3;5;
;dkaufmann_cuppy;36:E;3;3;
;dkaufmann_cuppy;37:F;3;0;
;dkaufmann_cuppy;38:F;0;1;
;dkaufmann_cuppy;39:B;3;2;
;dkaufmann_cuppy;40:B;1;2;
;dkaufmann_cuppy;41:C;5;1;
;dkaufmann_cuppy;42:C;3;2;
;dkaufmann_cuppy;43:G;5;2;
;dkaufmann_cuppy;45:H;4;5;
;dkaufmann_cuppy;46:H;2;1;
;dkaufmann_cuppy;47:D;3;4;
;dkaufmann_cuppy;48:D;3;2;
;kvitali_cuppy;1:A;1;1;
;kvitali_cuppy;2:E;0;4;
;kvitali_cuppy;3:A;3;3;
;kvitali_cuppy;4:E;0;3;
;kvitali_cuppy;5:F;5;1;
;kvitali_cuppy;6:B;4;5;
;kvitali_cuppy;7:F;2;3;
;kvitali_cuppy;8:B;4;5;
;kvitali_cuppy;9:G;0;4;
;kvitali_cuppy;10:C;4;2;
;kvitali_cuppy;11:G;4;2;
;kvitali_cuppy;12:C;0;5;
;kvitali_cuppy;13:H;3;5;
;kvitali_cuppy;14:D;4;5;
;kvitali_cuppy;15:H;0;1;
;kvitali_cuppy;16:D;1;3;
;kvitali_cuppy;17:E;0;1;
;kvitali_cuppy;18:A;4;4;
;kvitali_cuppy;19:E;5;5;
;kvitali_cuppy;20:A;3;5;
;kvitali_cuppy;21:F;5;0;
;kvitali_cuppy;22:B;3;1;
;kvitali_cuppy;23:F;2;5;
;kvitali_cuppy;24:B;5;2;
;kvitali_cuppy;25:G;5;4;
;kvitali_cuppy;26:C;0;2;
;kvitali_cuppy;27:G;4;0;
;kvitali_cuppy;28:C;0;2;
;kvitali_cuppy;29:H;5;5;
;kvitali_cuppy;30:D;3;2;
;kvitali_cuppy;31:H;2;3;
;kvitali_cuppy;32:D;3;4;
;kvitali_cuppy;33:A;1;0;
;kvitali_cuppy;34:A;3;1;
;kvitali_cuppy;35:E;2;0;
;kvitali_cuppy;36:E;2;0;
;kvitali_cuppy;37:F;5;1;
;kvitali_cuppy;38:F;2;5;
;kvitali_cuppy;39:B;1;5;
;kvitali_cuppy;41:C;1;1;
;kvitali_cuppy;42:C;2;2;
;kvitali_cuppy;43:G;5;3;
;kvitali_cuppy;44:G;1;2;
;kvitali_cuppy;45:H;4;1;
;kvitali_cuppy;46:H;5;1;
;kvitali_cuppy;47:D;2;0;
;kvitali_cuppy;48:D;1;2;
;bpoweronoff_cuppy;1:A;1;2;
;bpoweronoff_cuppy;2:E;1;0;
;bpoweronoff_cuppy;3:A;4;5;
;bpoweronoff_cuppy;4:E;2;0;
;bpoweronoff_cuppy;5:F;0;1;
;bpoweronoff_cuppy;6:B;3;1;
;bpoweronoff_cuppy;7:F;3;1;
;bpoweronoff_cuppy;8:B;0;5;
;bpoweronoff_cuppy;9:G;1;4;
;bpoweronoff_cuppy;10:C;3;1;
;bpoweronoff_cuppy;11:G;5;2;
;bpoweronoff_cuppy;12:C;1;4;
;bpoweronoff_cuppy;13:H;5;1;
;bpoweronoff_cuppy;14:D;1;3;
;bpoweronoff_cuppy;15:H;2;1;
;bpoweronoff_cuppy;16:D;4;4;
;bpoweronoff_cuppy;17:E;1;1;
;bpoweronoff_cuppy;18:A;4;0;
;bpoweronoff_cuppy;19:E;4;3;
;bpoweronoff_cuppy;20:A;2;4;
;bpoweronoff_cuppy;21:F;2;2;
;bpoweronoff_cuppy;22:B;4;5;
;bpoweronoff_cuppy;23:F;4;3;
;bpoweronoff_cuppy;24:B;2;5;
;bpoweronoff_cuppy;25:G;2;1;
;bpoweronoff_cuppy;26:C;2;1;
;bpoweronoff_cuppy;27:G;0;5;
;bpoweronoff_cuppy;28:C;2;0;
;bpoweronoff_cuppy;29:H;0;1;
;bpoweronoff_cuppy;30:D;5;2;
;bpoweronoff_cuppy;31:H;2;2;
;bpoweronoff_cuppy;32:D;1;0;
;bpoweronoff_cuppy;33:A;4;5;
;bpoweronoff_cuppy;34:A;3;4;
;bpoweronoff_cuppy;35:E;0;2;
;bpoweronoff_cuppy;36:E;1;2;
;bpoweronoff_cuppy;37:F;1;0;
;bpoweronoff_cuppy;38:F;4;4;
;bpoweronoff_cuppy;39:B;3;1;
;bpoweronoff_cuppy;40:B;3;3;
;bpoweronoff_cuppy;41:C;4;4;
;bpoweronoff_cuppy;42:C;2;1;
;bpoweronoff_cuppy;43:G;2;4;
;bpoweronoff_cuppy;44:G;3;3;
;bpoweronoff_cuppy;45:H;1;1;
;bpoweronoff_cuppy;46:H;2;1;
;bpoweronoff_cuppy;47:D;5;3;
;bpoweronoff_cuppy;48:D;1;5;
;tbullet_cuppy;1:A;1;2;
;tbullet_cuppy;2:E;1;3;
;tbullet_cuppy;3:A;3;4;
;tbullet_cuppy;4:E;2;4;
;tbullet_cuppy;5:F;3;5;
;tbullet_cuppy;6:B;1;0;
;tbullet_cuppy;7:F;2;5;
;tbullet_cuppy;8:B;2;5;
;tbullet_cuppy;9:G;4;3;
;tbullet_cuppy;10:C;3;3;
;tbullet_cuppy;14:D;4;0;
;tbullet_cuppy;15:H;2;3;
;tbullet_cuppy;16:D;5;4;
;tbullet_cuppy;17:E;2;1;
;tbullet_cuppy;18:A;4;4;
;tbullet_cuppy;19:E;0;5;
;tbullet_cuppy;20:A;3;2;
;tbullet_cuppy;21:F;0;0;
;tbullet_cuppy;23:F;1;3;
;tbullet_cuppy;24:B;2;4;
;tbullet_cuppy;25:G;3;1;
;tbullet_cuppy;26:C;4;2;
;tbullet_cuppy;27:G;5;2;
;tbullet_cuppy;28:C;5;4;
;tbullet_cuppy;29:H;3;5;
;tbullet_cuppy;30:D;2;0;
;tbullet_cuppy;31:H;0;4;
;tbullet_cuppy;32:D;0;0;
;tbullet_cuppy;33:A;3;2;
;tbullet_cuppy;34:A;2;0;
;tbullet_cuppy;35:E;5;1;
;tbullet_cuppy;36:E;1;5;
;tbullet_cuppy;37:F;4;1;
;tbullet_cuppy;38:F;0;3;
;tbullet_cuppy;39:B;5;1;
;tbullet_cuppy;40:B;4;1;
;tbullet_cuppy;41:C;0;4;
;tbullet_cuppy;42:C;1;5;
;tbullet_cuppy;43:G;5;2;
;tbullet_cuppy;44:G;5;3;
;tbullet_cuppy;46:H;5;3;
;tbullet_cuppy;47:D;3;4;
;tbullet_cuppy;48:D;3;2;
;hjaehnig_cuppy;1:A;3;1;
;hjaehnig_cuppy;2:E;3;2;
;hjaehnig_cuppy;3:A;2;3;
;hjaehnig_cuppy;4:E;5;4;
;hjaehnig_cuppy;5:F;3;5;
;hjaehnig_cuppy;6:B;1;3;
;hjaehnig_cuppy;7:F;4;2;
;hjaehnig_cuppy;8:B;2;5;
;hjaehnig_cuppy;9:G;0;3;
;hjaehnig_cuppy;10:C;0;0;
;hjaehnig_cuppy;11:G;3;0;
;hjaehnig_cuppy;12:C;4;1;
;hjaehnig_cuppy;13:H;3;4;
;hjaehnig_cuppy;15:H;5;5;
;hjaehnig_cuppy;16:D;2;0;
;hjaehnig_cuppy;17:E;4;0;
;hjaehnig_cuppy;18:A;3;3;
;hjaehnig_cuppy;19:E;1;5;
;hjaehnig_cuppy;20:A;1;2;
;hjaehnig_cuppy;21:F;5;0;
;hjaehnig_cuppy;22:B;4;1;
;hjaehnig_cuppy;23:F;1;4;
;hjaehnig_cuppy;24:B;1;0;
;hjaehnig_cuppy;25:G;5;4;
;hjaehnig_cuppy;26:C;5;2;
;hjaehnig_cuppy;27:G;4;5;
;hjaehnig_cuppy;28:C;2;0;
;hjaehnig_cuppy;29:H;5;5;
;hjaehnig_cuppy;30:D;1;0;
;hjaehnig_cuppy;31:H;0;5;
;hjaehnig_cuppy;32:D;4;2;
;hjaehnig_cuppy;33:A;3;5;
;hjaehnig_cuppy;34:A;2;1;
;hjaehnig_cuppy;35:E;5;5;
;hjaehnig_cuppy;36:E;2;0;
;hjaehnig_cuppy;37:F;5;3;
;hjaehnig_cuppy;38:F;3;3;
;hjaehnig_cuppy;39:B;4;1;
;hjaehnig_cuppy;40:B;4;5;
;hjaehnig_cuppy;41:C;0;5;
;hjaehnig_cuppy;42:C;2;1;
;hjaehnig_cuppy;43:G;2;0;
;hjaehnig_cuppy;44:G;5;0;
;hjaehnig_cuppy;45:H;3;2;
;hjaehnig_cuppy;46:H;4;3;
;hjaehnig_cuppy;47:D;2;4;
;hjaehnig_cuppy;48:D;5;4;
;mdigit_cuppy;2:E;5;3;
;mdigit_cuppy;3:A;0;1;
;mdigit_cuppy;4:E;4;3;
;mdigit_cuppy;5:F;4;0;
;mdigit_cuppy;7:F;3;2;
;mdigit_cuppy;8:B;0;1;
;mdigit_cuppy;9:G;5;1;
;mdigit_cuppy;10:C;2;3;
;mdigit_cuppy;11:G;2;2;
;mdigit_cuppy;12:C;5;1;
;mdigit_cuppy;13:H;2;2;
;mdigit_cuppy;14:D;5;3;
;mdigit_cuppy;15:H;3;5;
;mdigit_cuppy;16:D;2;5;
;mdigit_cuppy;17:E;3;3;
;mdigit_cuppy;18:A;2;2;
;mdigit_cuppy;19:E;1;2;
;mdigit_cuppy;20:A;1;1;
;mdigit_cuppy;21:F;5;1;
;mdigit_cuppy;22:B;3;1;
;mdigit_cuppy;23:F;1;4;
;mdigit_cuppy;24:B;4;3;
;mdigit_cuppy;25:G;5;0;
;mdigit_cuppy;26:C;3;4;
;mdigit_cuppy;27:G;2;3;
;mdigit_cuppy;28:C;5;1;
;mdigit_cuppy;29:H;5;0;
;mdigit_cuppy;31:H;0;1;
;mdigit_cuppy;32:D;1;3;
;mdigit_cuppy;33:A;4;2;
;mdigit_cuppy;34:A;4;4;
;mdigit_cuppy;36:E;4;4;
;mdigit_cuppy;37:F;4;5;
;mdigit_cuppy;38:F;2;5;
;mdigit_cuppy;39:B;5;3;
;mdigit_cuppy;40:B;2;1;
;mdigit_cuppy;41:C;2;0;
;mdigit_cuppy;42:C;3;0;
;mdigit_cuppy;43:G;1;4;
;mdigit_cuppy;44:G;2;3;
;mdigit_cuppy;45:H;1;3;
;mdigit_cuppy;46:H;0;0;
;mdigit_cuppy;47:D;4;3;
;mdigit_cuppy;48:D;1;1;
;ovh_cuppy;1:A;4;3;
;ovh_cuppy;2:E;0;2;
;ovh_cuppy;3:A;2;2;
;ovh_cuppy;4:E;2;4;
;ovh_cuppy;5:F;2;3;
;ovh_cuppy;6:B;0;2;
;ovh_cuppy;7:F;4;2;
;ovh_cuppy;8:B;0;3;
;ovh_cuppy;9:G;1;2;
;ovh_cuppy;10:C;2;4;
;ovh_cuppy;11:G;2;3;
;ovh_cuppy;12:C;0;1;
;ovh_cuppy;13:H;3;4;
;ovh_cuppy;14:D;2;2;
;ovh_cuppy;15:H;0;4;
;ovh_cuppy;16:D;3;4;
;ovh_cuppy;17:E;1;2;
;ovh_cuppy;18:A;3;0;
;ovh_cuppy;19:E;2;0;
;ovh_cuppy;20:A;2;2;
;ovh_cuppy;21:F;4;0;
;ovh_cuppy;22:B;2;5;
;ovh_cuppy;23:F;1;3;
;ovh_cuppy;24:B;1;5;
;ovh_cuppy;25:G;5;0;
;ovh_cuppy;26:C;2;4;
;ovh_cuppy;27:G;1;1;
;ovh_cuppy;28:C;4;4;
;ovh_cuppy;29:H;1;2;
;ovh_cuppy;30:D;1;4;
;ovh_cuppy;31:H;3;4;
;ovh_cuppy;32:D;1;4;
;ovh_cuppy;33:A;2;4;
;ovh_cuppy;35:E;3;1;
;ovh_cuppy;36:E;4;0;
;ovh_cuppy;37:F;0;3;
;ovh_cuppy;38:F;1;3;
;ovh_cuppy;39:B;5;3;
;ovh_cuppy;40:B;4;1;
;ovh_cuppy;41:C;4;1;
;ovh_cuppy;42:C;1;4;
;ovh_cuppy;43:G;5;2;
;ovh_cuppy;44:G;0;1;
;ovh_cuppy;45:H;3;2;
;ovh_cuppy;46:H;0;0;
;ovh_cuppy;47:D;2;5;
;ovh_cuppy;48:D;3;1;
;nvp_cuppy;1:A;0;3;
;nvp_cuppy;2:E;3;1;
;nvp_cuppy;3:A;0;4;
;nvp_cuppy;4:E;2;0;
;nvp_cuppy;5:F;2;2;
;nvp_cuppy;6:B;4;5;
;nvp_cuppy;7:F;4;0;
;nvp_cuppy;8:B;1;2;
;nvp_cuppy;9:G;3;0;
;nvp_cuppy;10:C;4;5;
;nvp_cuppy;11:G;3;2;
;nvp_cuppy;12:C;5;3;
;nvp_cuppy;13:H;1;0;
;nvp_cuppy;14:D;3;3;
;nvp_cuppy;15:H;2;4;
;nvp_cuppy;16:D;5;3;
;nvp_cuppy;17:E;1;2;
;nvp_cuppy;18:A;4;2;
;nvp_cuppy;19:E;2;2;
;nvp_cuppy;20:A;0;5;
;nvp_cuppy;21:F;5;4;
;nvp_cuppy;22:B;1;0;
;nvp_cuppy;23:F;2;3;
;nvp_cuppy;24:B;0;3;
;nvp_cuppy;25:G;5;1;
;nvp_cuppy;26:C;4;4;
;nvp_cuppy;27:G;3;5;
;nvp_cuppy;29:H;1;1;
;nvp_cuppy;30:D;4;3;
;nvp_cuppy;31:H;3;4;
;nvp_cuppy;32:D;3;2;
;nvp_cuppy;33:A;4;1;
;nvp_cuppy;34:A;1;3;
;nvp_cuppy;35:E;2;3;
;nvp_cuppy;36:E;4;4;
;nvp_cuppy;37:F;3;1;
;nvp_cuppy;38:F;4;5;
;nvp_cuppy;39:B;4;1;
;nvp_cuppy;41:C;0;4;
;nvp_cuppy;42:C;1;1;
;nvp_cuppy;44:G;1;4;
;nvp_cuppy;45:H;5;1;
;nvp_cuppy;47:D;3;3;
;nvp_cuppy;48:D;3;0;
;ariel_cuppy;1:A;2;2;
;ariel_cuppy;2:E;4;3;
;ariel_cuppy;3:A;1;3;
;ariel_cuppy;4:E;0;2;
;ariel_cuppy;5:F;1;0;
;ariel_cuppy;6:B;4;5;
;ariel_cuppy;7:F;5;5;
;ariel_cuppy;8:B;5;5;
;ariel_cuppy;9:G;0;2;
;ariel_cuppy;10:C;4;3;
;ariel_cuppy;11:G;2;3;
;ariel_cuppy;12:C;0;2;
;ariel_cuppy;13:H;3;1;
;ariel_cuppy;14:D;3;5;
;ariel_cuppy;15:H;1;4;
;ariel_cuppy;16:D;0;5;
;ariel_cuppy;17:E;1;2;
;ariel_cuppy;18:A;3;3;
;ariel_cuppy;19:E;0;1;
;ariel_cuppy;20:A;0;1;
;ariel_cuppy;21:F;4;2;
;ariel_cuppy;22:B;5;2;
;ariel_cuppy;23:F;0;0;
;ariel_cuppy;24:B;4;5;
;ariel_cuppy;25:G;3;0;
;ariel_cuppy;26:C;5;2;
;ariel_cuppy;27:G;4;0;
;ariel_cuppy;28:C;1;4;
;ariel_cuppy;29:H;5;2;
;ariel_cuppy;30:D;5;5;
;ariel_cuppy;31:H;2;4;
;ariel_cuppy;32:D;1;3;
;ariel_cuppy;34:A;5;5;
;ariel_cuppy;35:E;0;3;
;ariel_cuppy;36:E;2;1;
;ariel_cuppy;37:F;3;4;
;ariel_cuppy;38:F;3;4;
;ariel_cuppy;39:B;3;1;
;ariel_cuppy;40:B;1;3;
;ariel_cuppy;41:C;3;2;
;ariel_cuppy;42:C;0;5;
;ariel_cuppy;43:G;3;0;
;ariel_cuppy;44:G;5;0;
;ariel_cuppy;45:H;2;0;
;ariel_cuppy;46:H;2;1;
;ariel_cuppy;47:D;1;0;
;ariel_cuppy;48:D;4;2;
;pp;1:A;1;1;
;pp;2:E;0;3;
;pp;3:A;3;1;
;pp;4:E;5;3;
;pp;5:F;3;5;
;pp;6:B;3;3;
;pp;7:F;2;1;
;pp;8:B;2;3;
;pp;9:G;3;5;
;pp;10:C;1;5;
;pp;11:G;4;2;
;pp;12:C;2;3;
;pp;13:H;5;2;
;pp;14:D;5;2;
;pp;15:H;5;2;
;pp;16:D;0;5;
;pp;17:E;0;5;
;pp;18:A;4;2;
;pp;19:E;3;3;
;pp;20:A;4;0;
;pp;21:F;4;2;
;pp;22:B;3;5;
;pp;24:B;1;4;
;pp;25:G;3;1;
;pp;26:C;5;0;
;pp;27:G;0;4;
;pp;28:C;4;0;
;pp;29:H;3;2;
;pp;30:D;5;3;
;pp;31:H;5;5;
;pp;32:D;2;5;
;pp;33:A;0;0;
;pp;34:A;4;1;
;pp;35:E;5;3;
;pp;36:E;3;3;
;pp;37:F;3;4;
;pp;38:F;3;3;
;pp;39:B;4;1;
;pp;40:B;4;1;
;pp;41:C;3;2;
;pp;42:C;5;4;
;pp;43:G;3;3;
;pp;44:G;3;4;
;pp;46:H;2;1;
;pp;47:D;2;2;
;pp;48:D;4;2;
