#http://de.wikipedia.org/wiki/ISO-3166-1-Kodierliste

# set locale for the Match.date data
#%impex.setLocale(Locale.GERMANY)

$comp=wc2002

insert_update Competition;code[unique=true];name[lang=de];name[lang=en];type(code)
;$comp;WM 2002 Japan/Südkorea;WC 2002 Japan/South Korea;tournament

# INSERT_UPDATE News;content[lang=de];content[lang=en];competition(code)[unique=true]
# ;Willkommen zur WM 2002;Welcome to World Cup 2002;$comp;

insert_update Group;competition(code[default=$comp])[unique=true];code[unique=true];name[lang=de];name[lang=en];name[lang=pl];multiplier;sequenceNumber
;;A;Gruppe A;Group A;Grupa A;1;1
;;B;Gruppe B;Group B;Grupa B;1;2
;;C;Gruppe C;Group C;Grupa C;1;3
;;D;Gruppe D;Group D;Grupa D;1;4
;;E;Gruppe E;Group E;Grupa E;1;5
;;F;Gruppe F;Group F;Grupa F;1;6
;;G;Gruppe G;Group G;Grupa G;1;7
;;H;Gruppe H;Group H;Grupa H;1;8
;;LAST16;Achtelfinale;Last16;Czwarta runda;2;9
;;QUARTER;Viertelfinale;Quarter Finals;Ćwierćfinał;2;10
;;SEMI;Halbfinale;Semi Finals;Półfinał;2;11
;;THIRD;Kleines Finale;Third Place;Mecz o trzecie miejsce;2;12
;;FINAL;Finale;Final;Finał;2;13

insert_update CountryFlag;code[unique=true];realfilename;@media[translator=de.hybris.platform.impex.jalo.media.MediaDataTranslator];catalogVersion(catalog(id),version)[default=Default:Online]
;FR;fr.png;jar:/cuppy/flags/countries/fr.png
;SN;sn.png;jar:/cuppy/flags/countries/sn.png
;UY;uy.png;jar:/cuppy/flags/countries/uy.png
;DK;dk.png;jar:/cuppy/flags/countries/dk.png
;ES;es.png;jar:/cuppy/flags/countries/es.png
;SI;si.png;jar:/cuppy/flags/countries/si.png
;PY;py.png;jar:/cuppy/flags/countries/py.png
;ZA;za.png;jar:/cuppy/flags/countries/za.png
;BR;br.png;jar:/cuppy/flags/countries/br.png
;TR;tr.png;jar:/cuppy/flags/countries/tr.png
;CN;cn.png;jar:/cuppy/flags/countries/cn.png
;CR;cr.png;jar:/cuppy/flags/countries/cr.png
;KR;kr.png;jar:/cuppy/flags/countries/kr.png
;PL;pl.png;jar:/cuppy/flags/countries/pl.png
;US;us.png;jar:/cuppy/flags/countries/us.png
;PT;pt.png;jar:/cuppy/flags/countries/pt.png
;DE;de.png;jar:/cuppy/flags/countries/de.png
;SA;sa.png;jar:/cuppy/flags/countries/sa.png
;IE;ie.png;jar:/cuppy/flags/countries/ie.png
;CM;cm.png;jar:/cuppy/flags/countries/cm.png
;ZM;zm.png;jar:/cuppy/flags/countries/zm.png
;AR;ar.png;jar:/cuppy/flags/countries/ar.png
;NG;ng.png;jar:/cuppy/flags/countries/ng.png
;EN;en.png;jar:/cuppy/flags/countries/england.png
;SE;se.png;jar:/cuppy/flags/countries/se.png
;IT;it.png;jar:/cuppy/flags/countries/it.png
;EC;ec.png;jar:/cuppy/flags/countries/ec.png
;HR;hr.png;jar:/cuppy/flags/countries/hr.png
;MX;mx.png;jar:/cuppy/flags/countries/mx.png
;JP;jp.png;jar:/cuppy/flags/countries/jp.png
;BE;be.png;jar:/cuppy/flags/countries/be.png
;RU;ru.png;jar:/cuppy/flags/countries/ru.png
;TN;tn.png;jar:/cuppy/flags/countries/tn.png

insert_update Team;isocode[unique=true];name[lang=de];name[lang=en];name[lang=pl];flag(code)
;FRA;Frankreich;France;Francja;FR
;SEN;Senegal;Senegal;Senegal;SN
;URU;Uruguay;Uruguay;Urugwaj;UY
;DEN;Dänemark;Denmark;Dania;DK
;ESP;Spanien;Spain;Hiszpania;ES
;SVO;Slowenien;Slovenia;Słowenia;SI
;PAR;Paraguay;Paraguay;Paragwaj;PY
;RSA;Südafrika;South Africa;South Africa;ZA
;BRA;Brasilien;Brazil;Brazylia;BR
;TUR;Türkei;Turkey;Turcja;TR
;CHN;China;China;Chiny;CN
;CRC;Costa Rica;Costa Rica;Kostaryka;CR
;KOR;Republik Korea;Republic of Korea;Republiki Korei;KR
;POL;Polen;Poland;Polska;PL
;USA;USA;USA;USA;US
;POR;Portugal;Portugal;Portugalia;PT
;GER;Deutschland;Germany;Niemcy;DE
;KSA;Saudi Arabien;Saudi Arabia; Arabia Saudyjska;SA
;IRL;Irland;Republic of Ireland;Irlandia;IE
;CMR;Kamerun;Cameroon;Kamerun;CM
;ARG;Argentinien;Argentina;Argentyna;AR
;NGA;Nigeria;Nigeria;Nigeria;NG
;ENG;Endland;England;Anglia;EN
;SWE;Schweden;Sweden;Szwecja;SE
;ITA;Italien;Italy;Włochy;IT
;ECU;Ecuador;Ecuador;Ekwador;EC
;CRO;Kroation;Croatia;Chorwacji;HR
;MEX;Mexiko;Mexico;Meksyk;MX
;JPN;Japan;Japan;Japonia;JP
;BEL;Belgien;Belgium;Belgia;BE
;RUS;Russland;Russia;Rosja;RU
;TUN;Tunesien;Tunesia;Tunezja;TN

insert_update Team;isocode[unique=true];name[lang=de];name[lang=en];flag(code);dummy[default=true,virtual=true]
;E-1
;B-2
;A-1
;F-2
;F-1
;A-2
;B-1
;E-2
;G-1
;D-2
;C-1
;H-2
;H-1
;C-2
;D-1
;G-2
;50-1
;54-1
;49-1
;53-1
;52-1
;56-1
;51-1
;55-1
;58-1
;59-1
;57-1
;60-1
;61-2
;62-2
;61-1
;62-1

insert_update Match;id[unique=true];matchday;date[dateformat='dd.MM.yy HH:mm'];homeTeam(isocode);guestTeam(isocode);location;group(code,competition(code[default=$comp]))[unique=true]
;01;1;31.05.02 13:30;FRA;SEN;Seoul;A
;03;7;01.06.02 11:00;URU;DEN;Ulsan;A
;18;7;06.06.02 13:30;FRA;URU;Busan;A
;20;7;06.06.02 08:30;DEN;SEN;Daegu;A
;33;12;11.06.02 08:30;DEN;FRA;Incheon;A
;34;12;11.06.02 08:30;SEN;URU;Suwon;A
;06;3;02.06.02 09:30;PAR;RSA;Busan;B
;08;3;02.06.02 13:30;ESP;SVO;Gwangju;B
;22;8;07.06.02 11:00;ESP;PAR;Jeonju;B
;24;9;08.06.02 08:30;RSA;SVO;Daegu;B
;39;13;12.06.02 13:30;RSA;ESP;Daejeon;B
;40;13;12.06.02 13:30;SVO;PAR;Seogwipo;B
;10;4;03.06.02 11:00;BRA;TUR;Ulsan;C
;12;5;04.06.02 08:30;CHN;CRC;Gwangju;C
;26;9;08.06.02 13:30;BRA;CHN;Seogwipo;C
;28;10;09.06.02 11:00;CRC;TUR;Incheon;C
;41;14;13.06.02 08:30;CRC;BRA;Suwon;C
;42;14;13.06.02 08:30;TUR;CHN;Seoul;C
;14;5;04.06.02 13:30;KOR;POL;Busan;D
;16;6;05.06.02 11:00;USA;POR;Suwon;D
;30;11;10.06.02 08:30;KOR;USA;Daegu;D
;32;11;10.06.02 13:30;POR;POL;Jeonju;D
;47;15;14.06.02 13:30;POR;KOR;Incheon;D
;48;15;14.06.02 13:30;POL;USA;Daejeo;D
;02;2;01.06.02 08:30;IRL;CMR;Niigata;E
;04;2;01.06.02 13:30;GER;KSA;Sapporo;E
;17;6;05.06.02 13:30;GER;IRL;Ibaraki;E
;19;7;06.06.02 11:00;CMR;KSA;Saitama;E
;35;12;11.06.02 13:30;CMR;GER;Shizuoka;E
;36;12;11.06.02 13:30;KSA;IRL;Yokohama;E
;05;3;02.06.02 11:30;ENG;SWE;Saitama;F
;07;3;02.06.02 07:30;ARG;NGA;Ibaraki;F
;21;8;07.06.02 08:30;SWE;NGA;Kobe;F
;23;8;07.06.02 13:30;ARG;ENG;Sapporo;F
;37;13;12.06.02 08:30;SWE;ARG;Miyagi;F
;38;13;12.06.02 08:30;NGA;ENG;Osaka;F
;09;4;03.06.02 08:30;CRO;MEX;Niigata;G
;11;4;03.06.02 13:30;ITA;ECU;Sapporo;G
;25;9;08.06.02 11:00;ITA;CRO;Ibaraki;G
;27;10;09.06.02 08:30;MEX;ECU;Miyagi;G
;43;14;13.06.02 13:30;MEX;ITA;Oita;G
;44;14;13.06.02 13:30;ECU;CRO;Yokohama;G
;13;5;04.06.02 11:00;JPN;BEL;Saitama;H
;15;6;05.06.02 08:30;RUS;TUN;Kobe;H
;29;10;09.06.02 13:30;JPN;RUS;Yokohama;H
;31;11;10.06.02 11:00;TUN;BEL;Oita;H
;45;15;14.06.02 08:30;TUN;JPN;Osaka;H
;46;15;14.06.02 08:30;BEL;RUS;Shizuoka;H

;49;16;15.06.02 08:30;E-1;B-2;Seogwipo;LAST16
;50;16;15.06.02 13:30;A-1;F-2;Niigata;LAST16
;51;17;16.06.02 08:30;F-1;A-2;Oita;LAST16
;52;17;16.06.02 13:30;B-1;E-2;Suwon;LAST16
;53;18;17.06.02 08:30;G-1;D-2;Jeonju;LAST16
;54;18;17.06.02 13:30;C-1;H-2;Kobe;LAST16
;55;19;18.06.02 08:30;H-1;C-2;Miyagi;LAST16
;56;19;18.06.02 13:30;D-1;G-2;Daejeon;LAST16
;57;20;21.06.02 08:30;50-1;54-1;Shizuoka;QUARTER
;58;20;21.06.02 13:30;49-1;53-1;Ulsan;QUARTER
;59;21;22.06.02 08:30;52-1;56-1;Gwangju;QUARTER
;60;21;22.06.02 13:30;51-1;55-1;Osaka;QUARTER
;61;22;25.06.02 13:30;58-1;59-1;Seoul;SEMI
;62;23;26.06.02 13:30;57-1;60-1;Saitama;SEMI
;63;24;29.06.02 13:00;61-2;62-2;Daegu;THIRD
;64;25;30.06.02 13:00;61-1;62-1;Yokohama;FINAL
