$comp=wc2010

UPDATE Player;uid[unique=true];competitions(code)[mode=append]
;ppetersonson_cuppy;$comp
;demo_cuppy;$comp
;hweaving_cuppy;$comp
;sbrueck_cuppy;$comp
;hpneumann_cuppy;$comp
;ahertz_cuppy;$comp
;abrode_cuppy;$comp
;hschweiger_cuppy;$comp
;dkaufmann_cuppy;$comp
;kvitali_cuppy;$comp
;bpoweronoff_cuppy;$comp
;tbullet_cuppy;$comp
;hjaehnig_cuppy;$comp
;mdigit_cuppy;$comp
;ovh_cuppy;$comp
;nvp_cuppy;$comp
;ariel_cuppy;$comp
;sternthaler;$comp
;pp;$comp

INSERT_UPDATE MatchBet;player(uid)[unique=true];match(id,group(code,competition(code[default=$comp])))[unique=true];guestGoals;homeGoals
;sternthaler;49:LAST16;0;5;
;sternthaler;50:LAST16;5;5;
;sternthaler;51:LAST16;3;5;
;sternthaler;52:LAST16;2;4;
;sternthaler;53:LAST16;2;3;
;sternthaler;54:LAST16;0;5;
;sternthaler;55:LAST16;0;2;
;sternthaler;56:LAST16;5;4;
;sternthaler;57:QUARTER;3;2;
;sternthaler;58:QUARTER;1;1;
;sternthaler;59:QUARTER;5;3;
;sternthaler;60:QUARTER;5;0;
;sternthaler;61:SEMI;2;5;
;sternthaler;62:SEMI;2;4;
;sternthaler;63:THIRD;3;4;
;sternthaler;64:FINAL;1;0;
;ppetersonson_cuppy;49:LAST16;0;4;
;ppetersonson_cuppy;50:LAST16;4;5;
;ppetersonson_cuppy;51:LAST16;3;0;
;ppetersonson_cuppy;52:LAST16;3;3;
;ppetersonson_cuppy;53:LAST16;2;1;
;ppetersonson_cuppy;54:LAST16;1;3;
;ppetersonson_cuppy;55:LAST16;0;5;
;ppetersonson_cuppy;56:LAST16;5;3;
;ppetersonson_cuppy;57:QUARTER;5;1;
;ppetersonson_cuppy;58:QUARTER;3;4;
;ppetersonson_cuppy;59:QUARTER;3;5;
;ppetersonson_cuppy;60:QUARTER;3;4;
;ppetersonson_cuppy;61:SEMI;3;1;
;ppetersonson_cuppy;62:SEMI;5;0;
;ppetersonson_cuppy;63:THIRD;4;1;
;ppetersonson_cuppy;64:FINAL;0;4;
;demo_cuppy;49:LAST16;4;3;
;demo_cuppy;50:LAST16;1;4;
;demo_cuppy;52:LAST16;2;2;
;demo_cuppy;53:LAST16;3;5;
;demo_cuppy;54:LAST16;2;2;
;demo_cuppy;55:LAST16;1;4;
;demo_cuppy;56:LAST16;2;4;
;demo_cuppy;57:QUARTER;5;0;
;demo_cuppy;58:QUARTER;3;3;
;demo_cuppy;59:QUARTER;2;2;
;demo_cuppy;60:QUARTER;1;5;
;demo_cuppy;61:SEMI;0;1;
;demo_cuppy;62:SEMI;4;4;
;demo_cuppy;63:THIRD;3;1;
;demo_cuppy;64:FINAL;3;5;
;hweaving_cuppy;49:LAST16;3;0;
;hweaving_cuppy;50:LAST16;1;4;
;hweaving_cuppy;51:LAST16;5;2;
;hweaving_cuppy;52:LAST16;0;3;
;hweaving_cuppy;53:LAST16;0;5;
;hweaving_cuppy;54:LAST16;1;5;
;hweaving_cuppy;55:LAST16;1;3;
;hweaving_cuppy;56:LAST16;1;1;
;hweaving_cuppy;57:QUARTER;5;5;
;hweaving_cuppy;58:QUARTER;0;4;
;hweaving_cuppy;59:QUARTER;4;0;
;hweaving_cuppy;60:QUARTER;2;0;
;hweaving_cuppy;61:SEMI;3;5;
;hweaving_cuppy;62:SEMI;1;1;
;hweaving_cuppy;63:THIRD;3;3;
;hweaving_cuppy;64:FINAL;4;3;
;sbrueck_cuppy;49:LAST16;2;4;
;sbrueck_cuppy;50:LAST16;0;1;
;sbrueck_cuppy;51:LAST16;1;3;
;sbrueck_cuppy;52:LAST16;2;4;
;sbrueck_cuppy;53:LAST16;5;3;
;sbrueck_cuppy;54:LAST16;4;1;
;sbrueck_cuppy;55:LAST16;2;0;
;sbrueck_cuppy;56:LAST16;3;5;
;sbrueck_cuppy;57:QUARTER;4;3;
;sbrueck_cuppy;58:QUARTER;5;4;
;sbrueck_cuppy;59:QUARTER;2;2;
;sbrueck_cuppy;60:QUARTER;3;5;
;sbrueck_cuppy;61:SEMI;3;3;
;sbrueck_cuppy;62:SEMI;3;4;
;sbrueck_cuppy;63:THIRD;5;1;
;hpneumann_cuppy;49:LAST16;2;5;
;hpneumann_cuppy;51:LAST16;4;4;
;hpneumann_cuppy;52:LAST16;3;5;
;hpneumann_cuppy;53:LAST16;2;3;
;hpneumann_cuppy;54:LAST16;0;5;
;hpneumann_cuppy;55:LAST16;4;5;
;hpneumann_cuppy;57:QUARTER;0;4;
;hpneumann_cuppy;58:QUARTER;3;1;
;hpneumann_cuppy;59:QUARTER;1;1;
;hpneumann_cuppy;60:QUARTER;3;1;
;hpneumann_cuppy;61:SEMI;3;3;
;hpneumann_cuppy;62:SEMI;1;3;
;hpneumann_cuppy;63:THIRD;3;4;
;hpneumann_cuppy;64:FINAL;0;5;
;ahertz_cuppy;49:LAST16;0;3;
;ahertz_cuppy;50:LAST16;5;2;
;ahertz_cuppy;51:LAST16;1;2;
;ahertz_cuppy;53:LAST16;4;1;
;ahertz_cuppy;54:LAST16;0;5;
;ahertz_cuppy;56:LAST16;3;5;
;ahertz_cuppy;57:QUARTER;4;5;
;ahertz_cuppy;58:QUARTER;2;0;
;ahertz_cuppy;60:QUARTER;5;5;
;ahertz_cuppy;61:SEMI;1;2;
;ahertz_cuppy;62:SEMI;5;2;
;ahertz_cuppy;63:THIRD;1;0;
;ahertz_cuppy;64:FINAL;3;0;
;abrode_cuppy;49:LAST16;2;3;
;abrode_cuppy;50:LAST16;2;2;
;abrode_cuppy;51:LAST16;5;3;
;abrode_cuppy;52:LAST16;1;0;
;abrode_cuppy;53:LAST16;0;4;
;abrode_cuppy;54:LAST16;3;2;
;abrode_cuppy;55:LAST16;5;0;
;abrode_cuppy;56:LAST16;5;3;
;abrode_cuppy;58:QUARTER;4;3;
;abrode_cuppy;59:QUARTER;3;1;
;abrode_cuppy;60:QUARTER;5;1;
;abrode_cuppy;61:SEMI;4;0;
;abrode_cuppy;62:SEMI;3;4;
;abrode_cuppy;63:THIRD;5;1;
;abrode_cuppy;64:FINAL;5;1;
;hschweiger_cuppy;50:LAST16;5;4;
;hschweiger_cuppy;51:LAST16;2;1;
;hschweiger_cuppy;52:LAST16;0;3;
;hschweiger_cuppy;53:LAST16;2;1;
;hschweiger_cuppy;54:LAST16;3;2;
;hschweiger_cuppy;55:LAST16;0;4;
;hschweiger_cuppy;57:QUARTER;4;4;
;hschweiger_cuppy;58:QUARTER;2;3;
;hschweiger_cuppy;59:QUARTER;0;2;
;hschweiger_cuppy;60:QUARTER;3;2;
;hschweiger_cuppy;61:SEMI;3;0;
;hschweiger_cuppy;63:THIRD;4;4;
;hschweiger_cuppy;64:FINAL;5;3;
;dkaufmann_cuppy;49:LAST16;3;0;
;dkaufmann_cuppy;50:LAST16;0;0;
;dkaufmann_cuppy;51:LAST16;0;1;
;dkaufmann_cuppy;52:LAST16;0;5;
;dkaufmann_cuppy;53:LAST16;2;1;
;dkaufmann_cuppy;54:LAST16;1;0;
;dkaufmann_cuppy;55:LAST16;5;0;
;dkaufmann_cuppy;56:LAST16;1;4;
;dkaufmann_cuppy;57:QUARTER;2;0;
;dkaufmann_cuppy;58:QUARTER;1;1;
;dkaufmann_cuppy;59:QUARTER;5;4;
;dkaufmann_cuppy;60:QUARTER;3;4;
;dkaufmann_cuppy;61:SEMI;5;0;
;dkaufmann_cuppy;62:SEMI;5;0;
;dkaufmann_cuppy;63:THIRD;4;0;
;dkaufmann_cuppy;64:FINAL;5;0;
;kvitali_cuppy;49:LAST16;4;4;
;kvitali_cuppy;50:LAST16;5;5;
;kvitali_cuppy;51:LAST16;5;2;
;kvitali_cuppy;52:LAST16;5;4;
;kvitali_cuppy;53:LAST16;3;4;
;kvitali_cuppy;54:LAST16;3;0;
;kvitali_cuppy;55:LAST16;1;5;
;kvitali_cuppy;56:LAST16;1;1;
;kvitali_cuppy;57:QUARTER;0;1;
;kvitali_cuppy;58:QUARTER;1;2;
;kvitali_cuppy;59:QUARTER;0;3;
;kvitali_cuppy;60:QUARTER;0;5;
;kvitali_cuppy;61:SEMI;0;0;
;kvitali_cuppy;62:SEMI;4;0;
;kvitali_cuppy;63:THIRD;3;2;
;kvitali_cuppy;64:FINAL;5;3;
;bpoweronoff_cuppy;49:LAST16;1;4;
;bpoweronoff_cuppy;51:LAST16;2;3;
;bpoweronoff_cuppy;52:LAST16;2;1;
;bpoweronoff_cuppy;53:LAST16;0;1;
;bpoweronoff_cuppy;54:LAST16;2;1;
;bpoweronoff_cuppy;55:LAST16;2;5;
;bpoweronoff_cuppy;56:LAST16;3;4;
;bpoweronoff_cuppy;57:QUARTER;4;4;
;bpoweronoff_cuppy;58:QUARTER;4;5;
;bpoweronoff_cuppy;59:QUARTER;3;2;
;bpoweronoff_cuppy;60:QUARTER;2;3;
;bpoweronoff_cuppy;61:SEMI;4;0;
;bpoweronoff_cuppy;62:SEMI;0;3;
;bpoweronoff_cuppy;63:THIRD;3;4;
;bpoweronoff_cuppy;64:FINAL;4;1;
;tbullet_cuppy;49:LAST16;1;2;
;tbullet_cuppy;50:LAST16;4;3;
;tbullet_cuppy;51:LAST16;0;4;
;tbullet_cuppy;52:LAST16;5;4;
;tbullet_cuppy;53:LAST16;2;5;
;tbullet_cuppy;54:LAST16;3;1;
;tbullet_cuppy;55:LAST16;4;1;
;tbullet_cuppy;56:LAST16;0;5;
;tbullet_cuppy;57:QUARTER;4;0;
;tbullet_cuppy;58:QUARTER;5;0;
;tbullet_cuppy;59:QUARTER;4;4;
;tbullet_cuppy;60:QUARTER;0;3;
;tbullet_cuppy;61:SEMI;0;2;
;tbullet_cuppy;62:SEMI;4;0;
;tbullet_cuppy;63:THIRD;1;2;
;tbullet_cuppy;64:FINAL;4;5;
;hjaehnig_cuppy;49:LAST16;1;0;
;hjaehnig_cuppy;50:LAST16;1;5;
;hjaehnig_cuppy;51:LAST16;5;1;
;hjaehnig_cuppy;52:LAST16;4;2;
;hjaehnig_cuppy;53:LAST16;0;1;
;hjaehnig_cuppy;54:LAST16;0;4;
;hjaehnig_cuppy;55:LAST16;3;5;
;hjaehnig_cuppy;56:LAST16;5;5;
;hjaehnig_cuppy;57:QUARTER;5;4;
;hjaehnig_cuppy;58:QUARTER;2;0;
;hjaehnig_cuppy;59:QUARTER;3;5;
;hjaehnig_cuppy;60:QUARTER;0;1;
;hjaehnig_cuppy;61:SEMI;1;5;
;hjaehnig_cuppy;63:THIRD;5;4;
;hjaehnig_cuppy;64:FINAL;4;2;
;mdigit_cuppy;49:LAST16;2;5;
;mdigit_cuppy;50:LAST16;4;4;
;mdigit_cuppy;51:LAST16;5;2;
;mdigit_cuppy;52:LAST16;2;0;
;mdigit_cuppy;53:LAST16;5;3;
;mdigit_cuppy;54:LAST16;2;5;
;mdigit_cuppy;55:LAST16;5;4;
;mdigit_cuppy;56:LAST16;4;5;
;mdigit_cuppy;57:QUARTER;4;0;
;mdigit_cuppy;58:QUARTER;5;1;
;mdigit_cuppy;59:QUARTER;4;3;
;mdigit_cuppy;60:QUARTER;3;3;
;mdigit_cuppy;61:SEMI;4;1;
;mdigit_cuppy;62:SEMI;2;3;
;mdigit_cuppy;63:THIRD;3;0;
;mdigit_cuppy;64:FINAL;0;0;
;ovh_cuppy;49:LAST16;0;1;
;ovh_cuppy;50:LAST16;1;1;
;ovh_cuppy;51:LAST16;3;3;
;ovh_cuppy;52:LAST16;3;1;
;ovh_cuppy;53:LAST16;1;3;
;ovh_cuppy;54:LAST16;2;1;
;ovh_cuppy;55:LAST16;1;1;
;ovh_cuppy;56:LAST16;5;1;
;ovh_cuppy;57:QUARTER;2;1;
;ovh_cuppy;58:QUARTER;5;2;
;ovh_cuppy;59:QUARTER;1;0;
;ovh_cuppy;60:QUARTER;2;0;
;ovh_cuppy;61:SEMI;5;5;
;ovh_cuppy;62:SEMI;0;3;
;ovh_cuppy;63:THIRD;0;5;
;ovh_cuppy;64:FINAL;3;3;
;nvp_cuppy;49:LAST16;0;0;
;nvp_cuppy;50:LAST16;5;1;
;nvp_cuppy;51:LAST16;2;5;
;nvp_cuppy;52:LAST16;0;2;
;nvp_cuppy;53:LAST16;4;3;
;nvp_cuppy;54:LAST16;5;4;
;nvp_cuppy;55:LAST16;4;5;
;nvp_cuppy;56:LAST16;1;5;
;nvp_cuppy;57:QUARTER;2;2;
;nvp_cuppy;58:QUARTER;3;4;
;nvp_cuppy;59:QUARTER;3;0;
;nvp_cuppy;60:QUARTER;2;2;
;nvp_cuppy;61:SEMI;0;0;
;nvp_cuppy;62:SEMI;5;2;
;nvp_cuppy;63:THIRD;4;4;
;nvp_cuppy;64:FINAL;4;4;
;ariel_cuppy;49:LAST16;4;0;
;ariel_cuppy;50:LAST16;1;3;
;ariel_cuppy;51:LAST16;3;4;
;ariel_cuppy;52:LAST16;3;1;
;ariel_cuppy;53:LAST16;5;1;
;ariel_cuppy;54:LAST16;2;4;
;ariel_cuppy;55:LAST16;0;0;
;ariel_cuppy;56:LAST16;1;1;
;ariel_cuppy;57:QUARTER;2;4;
;ariel_cuppy;58:QUARTER;4;1;
;ariel_cuppy;59:QUARTER;4;1;
;ariel_cuppy;60:QUARTER;4;4;
;ariel_cuppy;61:SEMI;1;2;
;ariel_cuppy;62:SEMI;3;1;
;ariel_cuppy;63:THIRD;1;2;
;ariel_cuppy;64:FINAL;1;4;
;pp;49:LAST16;5;0;
;pp;50:LAST16;0;0;
;pp;51:LAST16;4;5;
;pp;52:LAST16;3;1;
;pp;53:LAST16;2;3;
;pp;54:LAST16;3;5;
;pp;55:LAST16;1;1;
;pp;56:LAST16;2;0;
;pp;57:QUARTER;1;0;
;pp;58:QUARTER;3;2;
;pp;59:QUARTER;2;0;
;pp;60:QUARTER;3;2;
;pp;61:SEMI;2;2;
;pp;62:SEMI;5;2;
;pp;63:THIRD;1;1;
;pp;64:FINAL;4;0;
